{"version":3,"hash":{"type":"Buffer","data":"86WmLZ9VaNeJv4zbBH7az9XLcDBLBGTeCxwxZCiC5RO6KiHr6OhqLk8kpMjINL5M0Q/ed3+fK5MTEznq8QtzdDFhwdHA+KvOQW5oxAr57zMHcY3W++rtplTd7FY+44Ii5gUt7W3RzR6Qe4AqTl7U0+AdhuiHpuCdnN0i+SWyQXU="},"indexValueMap":{"wm04oB+MwkKSW9KWPaLtUUybiVCnqCUgZ491oZ72E/A=":{"valueMac":{"type":"Buffer","data":"I71/zrmhwnAIvEwopRILjJUHf1dX2hExdeMv/tJWAk8="}},"JZL7yPK76HAxQxGMYJXEz+/lS5ncVgvUTKdXCCe16ZY=":{"valueMac":{"type":"Buffer","data":"NlLFi1nYsnCBx9UHoHOrMuzLQKj2kI7pTaEeyiZWBW8="}},"BYKAAZxwVzjGXkh/jslQRvafJdLs+8aups+dBXDyzs0=":{"valueMac":{"type":"Buffer","data":"QML2vOSZcN5TDDqLyJD8xgYcnxeRHzNbaagMZ6mz5s4="}},"j13+oZMlofftc6akCU7+h9RPIcHS3amprVsoLaj2BIE=":{"valueMac":{"type":"Buffer","data":"jOJPMQuK/Yk0ojDouQ2VKl4DO2SJr5jv5O8J46J/heE="}},"jrbQKSOnD7/gLISKxbpX9i8p0Ffg1XluYE3ocXtmY3o=":{"valueMac":{"type":"Buffer","data":"hKzBA3fLJoF0VrPjsBjUgiTxTLM2oZNZV/piHZlT2yQ="}},"LgJeE/evCb3KZ39mMrCG3Vv12rQo9NloaDsZHZUCZYU=":{"valueMac":{"type":"Buffer","data":"c3R/POTWYRiG6QVj6P70Ne472M8ldCEX4P5cdnSRJ3E="}},"sQ2FIqiuHU1UZWN2NpvNYW4F6StqwwOo3PTbfDAnPb0=":{"valueMac":{"type":"Buffer","data":"bdbFEUkvCxE+Vcdh4z6tc1xRBNVjJIC7Gpy9q4nOuVo="}},"pQSSFSh8+BgdZNVU7+JhqYixdGR2/EDsO88wJe7nQos=":{"valueMac":{"type":"Buffer","data":"jNXbq1fOHC+fGeGURYuUkplh6Qr/lD8cM79XOBrW+d8="}},"eiOZIqdvJ0nCrsr6GwWos6PcVw658fnhXhj4tGVQJR4=":{"valueMac":{"type":"Buffer","data":"oyPSnTbyIlWQy7XdWt8TQOTY/dCzwOfHbM7rNRANH5s="}}}}