{"version":9,"hash":{"type":"Buffer","data":"b+OM4aT0z3zU8WymqlFWIlopyBBQ31DdHZEDaCt6Ynix9u67LDSPwXm3ogvix7GuyytBwoQ2h9uimGE5IdQ2spcnpmlz+tuDB+VCkWe7E2Ts2dYJRBHq24v2X2YpU8fvdY8L4nLbSmcDvLnGAIPFOwPornk+KPUZ0W33zw6XvNU="},"indexValueMap":{"BHvMDZeMbvLphxuB+sc4AZIstCJBBM4SsnH8ipQiTqQ=":{"valueMac":{"type":"Buffer","data":"MxYDw4TXl9aqaETE/px692vKkOtz6YaFy+0SgakBYQw="}},"B/8e+Y8kzfD2n+V1AYxl85XctO0YWtAYAHJDcbxNNwA=":{"valueMac":{"type":"Buffer","data":"dczMI8Sn8/jks1G+DZJoIQ7U6SNKSVVXng66kOzwK3I="}},"EarqcrfT7m/NJOGLkIdiwVPgudetX83DGEcerag3plw=":{"valueMac":{"type":"Buffer","data":"kV3yQ3cv74/rhQHDr9eJi615NYXG2TavpppoJYJYhso="}},"E+cGOqfpToIR8Y9PfmjTd7ERi21FHNF9m9rxr/KYwWY=":{"valueMac":{"type":"Buffer","data":"b3xmHO7vWudPxM+eIOSVWbFUczYeoIR8aRE2gwgrSws="}},"F2qxcI4g8QzkO0GV1YwgUm0JCbEUXA+nRqLIk2gtDow=":{"valueMac":{"type":"Buffer","data":"Ry6wnP0NnZFIMrzQNWl4bTbwdFNNCF7rvKtXDKR5S2c="}},"HKhB2AsfHzjHw5LszPNKy1qE2H8RXrqrUoOZFFja7PE=":{"valueMac":{"type":"Buffer","data":"u619126HWaT6YORURLU6i6i0lyYWReEDSHIXuiB7id4="}},"JGH+arxugm8bsmOvdbFjTajFoTBCY+8FaQWo0dAOe88=":{"valueMac":{"type":"Buffer","data":"DcPYD1IMD0JeapYIlNDf2lfMZ6x0+c2Fpe6dYXpW/XI="}},"JMh8JiBlE6ErmtKkrje/iCZXBvI6L+AM7TEfCnCpXKE=":{"valueMac":{"type":"Buffer","data":"Vnq1cNa5VXS+zgGTIBrYm49AFcdl5hrJ/lr0bL06VRA="}},"Jmjadyf7MfY9pVJfRWEptizIQ7NEN1EcLvm9/emY5jQ=":{"valueMac":{"type":"Buffer","data":"6xVNnhlZCi6bPzzHoBlZRECfaf9UAmKkcjs9gKAF+FU="}},"KmDtZJOGUSW9vKIufuPDNqSbpH4B4A4qJVMTSQkEzj8=":{"valueMac":{"type":"Buffer","data":"rB9EUqt2r76PuY4f1hLKHRnxfPsCNQ43NiLAGUi6qQU="}},"LDhH3eSrc0P1miOuT3NyZTdQJ4/TUJixB6ObV6Cjt50=":{"valueMac":{"type":"Buffer","data":"TwKt6Njsxy66E++FfkEd8KjbxaSB/trcNF34ls76EGw="}},"Lj62GB9k7CLTR8Jm7XPQ976yBoVjcOSEs2qCyxivHHo=":{"valueMac":{"type":"Buffer","data":"/ACre/uxAfQ2t//ZRTzNkxD3gC4sW41h87ht9gPxubw="}},"MloYvoYYSsR1vPAQN9dYPnFDlDKEGNI/Q7N0qgTR4+s=":{"valueMac":{"type":"Buffer","data":"MT+mn35UMBz5qF6jGiJoMPCzQ4qaeC8e32fy04aTAdo="}},"MzY1/wnx5alo2whgm0Iag4vBd4m2HTdQyP5gFRU0moI=":{"valueMac":{"type":"Buffer","data":"EzjWvVEvF3ukghCMYIl1D7m7pMAJMvfwUQ9mPoPzv/E="}},"M441P/6Azs1S8nFbbpSEVYtvgOmPpK7JgX6Cx48FUp8=":{"valueMac":{"type":"Buffer","data":"IIwMoztbDgR4aEvInygPmI2+D0n/2nmDoFmMntkYpQo="}},"Op9pJ2D+2P6QhjH8BDf9m5CUDLc2CLL/9NJFm4c15QQ=":{"valueMac":{"type":"Buffer","data":"HoxCs2f4n7dUrdil4TT3lEeOF9+7EQXfrDzJxvhceD4="}},"PfFqrqHz3LiGxUh3gZTei8DfIxx18TGCMAwylaDqRdw=":{"valueMac":{"type":"Buffer","data":"vctr68kTb/ZzId4HZcqUNWP5s8N5BEQwaVypzH3I0dY="}},"P/r451gWh3ImXthJu44RcdpN+80jNragAfvSmMPgE2c=":{"valueMac":{"type":"Buffer","data":"fFQUKkfJZnVASZfwv50j9Q/jCib3fDlpBp2lgaeUGBs="}},"SpLYE0tdUn6YMzp/JDvtQjiWjWiRMxR2azJefy0xXac=":{"valueMac":{"type":"Buffer","data":"L4AR9/sN56kOonqxq5jatilgWgDOsqvsGoi+1AnRG7Y="}},"TlExa1I0SkmPh7OEZsXgEuXyZlrDBeeWXZfHQv88n8U=":{"valueMac":{"type":"Buffer","data":"4B9VPdj6ya3QWY73nspirZp38hfcZ0Uw4jLUTQcRoEY="}},"TpW4vkw4MS+GdcugipSvTZpd5pjuFiw7z1DufGnqhXM=":{"valueMac":{"type":"Buffer","data":"psRcfJKUHPzdikl/yD86qTI3VoaplZZAqjak0UOoaK0="}},"VA+LWWkBkF8yX7LtbzkQ2ENC+hEm6VPMlFZlC+1qiJw=":{"valueMac":{"type":"Buffer","data":"KT0BetI5PWGvvOyunKLc3E7B7Y2IKWjrXVMDIZ2Ma4g="}},"XmeAwPtYJ92/uBNOoj6lKWBjhKzDy7oWzTU8yzknG54=":{"valueMac":{"type":"Buffer","data":"N0j78EaO/g+qnvhUn22PIPa9DdYLAM+NwNL092go388="}},"X2y6hgEIhoS8CRkrwN9FkCglfJn+ZuSCdW1DGfZdbdE=":{"valueMac":{"type":"Buffer","data":"n2KzXBJxdtFFuagcUMH/V8f2GT4di+XFB/yCpmErR5s="}},"ZiS3SwhjymWIHqFf5AtmUWN9R0xNuco29v3ycv4buU4=":{"valueMac":{"type":"Buffer","data":"n//HPI0zDA2jSLSDftRWlyJg6SMAxPUA/4NunXPrlXQ="}},"aJjOEluc5iezwx1ZnQm49ImxUP6iSXW2VHa2eeHnGOQ=":{"valueMac":{"type":"Buffer","data":"Ao6mFVsYowwtQEHgZMgEgTcHbQVp8njo1N8+T0LGxqg="}},"a+wqQhEKZfHHg/o5IIuzJHxh2axSHDJHi7yYjj8QspQ=":{"valueMac":{"type":"Buffer","data":"jDAIjYSZT7QwjAZyfhlaukdIO08sV/IDlGE9SrPW9YM="}},"bQ4jcwzlfBTaN7myxpr0eQz04LmjFHPh9lfdDmWEwxk=":{"valueMac":{"type":"Buffer","data":"HATuddSOXtph6j5g0sxpIx3kyKlkImBi/zkyIjCI/6o="}},"bXsd//RCXIzVnbqK5ViLUb5ECGYsUiugzxkswAFEiAE=":{"valueMac":{"type":"Buffer","data":"GdUcw7gfDsGa5zk9d2s80M+EvdNC8ENRvD9WVJyeHo4="}},"b2GSkJqdywePVap2MEulI9VpIvW2k0pz//hF84uRcDk=":{"valueMac":{"type":"Buffer","data":"lwvtay984A1ar5HBv1WUvhuEzpFjixFYpbm6KFHURbg="}},"cD7NhUCVIP+Lz7skwmzenDEDnTPD2iTTdVuyvMdBYuo=":{"valueMac":{"type":"Buffer","data":"SNdWrFzlqcevUUEI9KBGdjB2XNJLhvGVWBpAhfs2Mfk="}},"cSuoIvt6lcRVmWMNfjIcoi//n48Mc84oaY4R51xuhLU=":{"valueMac":{"type":"Buffer","data":"gzE2wYQJ5FekKNhf5bbYMcxJO5+dObUCE+S2KvZGJiI="}},"dq0tVnjuQbrDOnFAMs8YUImFtLDbs0kQ7pdpSsEpSsM=":{"valueMac":{"type":"Buffer","data":"QkcE3DQk4c9MSLENtKvppvhdrdNxm5YMzzh7KWjspq0="}},"gAm5dHkXsWMa3TOI+1YqWKRYjSGegGHPfyErxUXQTsg=":{"valueMac":{"type":"Buffer","data":"3bFup34Dx1RFprHF6sZJGujWMqCOYqJwYE59AYAheA4="}},"hcrGj8rNXlYSnOek3PO5c4c+VujhkTcxicLLt6jHLZM=":{"valueMac":{"type":"Buffer","data":"FJUU9HeQ4zYArk3B8gY7Ckb0eTWfwHGqTt07CBQ4H9I="}},"iJEoot8+mdweRl2fNDkyOwx4fIaA6/cEAcDyinWpjJk=":{"valueMac":{"type":"Buffer","data":"VgEFCK/QxYe0r5D7oDt7Y4m4O9qk7o5KGgA+EYRvmuY="}},"ifsuyc1S7FiAu6KwWFzSW1V+P7U46CRTCZ4hY2Yt6zY=":{"valueMac":{"type":"Buffer","data":"bgHupv1ysGuDJ3Djk/sV7dpPY+xLFHdgFHacQ5gVz3Q="}},"j8s9Y7MRK2aVG8hU3XEy/gYw9AKOnfaAaoxjeo6x4Yg=":{"valueMac":{"type":"Buffer","data":"jaILTeS+TbLbmQjEtMbG5KoCYlNZFy3FbEW1bSn62b8="}},"kkHUCka70TaYqxWgtpFff1FpWqovRS0KywiglXq1X2c=":{"valueMac":{"type":"Buffer","data":"tvgnln74GTJxnBo8VgMtZx07zBz+K8RbxRtumvCm6/I="}},"lvBtVHbLf0xEctWRPGqZ+bdRegOBoU6TZnBxZ51b54s=":{"valueMac":{"type":"Buffer","data":"CBmh0hbP3XzDT3xLKLp9y7XgV4Ua2SCY/j8tbY5+NpI="}},"pDvUuSkAZ/O9HJ7+RXuIV+LFFk1A6BikZm7ShhBwapE=":{"valueMac":{"type":"Buffer","data":"tHE6r4UMx/0twqt5jr9V+N3Uz6MPEjdtzRXiOzQ6Mlk="}},"qzsZZCU3Vk8Ao7WySIyRPUUnuwQMHz3Yk5vc5EuIilU=":{"valueMac":{"type":"Buffer","data":"hPKEZKoCxthSV05mnXtmsQENCQys9pqvxI+FK4tXIIQ="}},"rh3+Krtz8uSS+CVMXpB+lheD3TUzgJt93wyMn7GNNrc=":{"valueMac":{"type":"Buffer","data":"xB0InEOmZB1AosCEeVjkm7s7fHDp8LHBV+lzj3J9p2k="}},"sw5q2aNDdj3+QlZfQAIh6Iaph584KQUeZWKsKf1jqpA=":{"valueMac":{"type":"Buffer","data":"m009eHtEnWxQzZEYYlAHapVpwCDuiZ0FG/NKiEv+Btk="}},"tVwGh4S+rSpxfSIINKvYy8NUyuNO6h53Ilrql0HUdFU=":{"valueMac":{"type":"Buffer","data":"ylQtSJZmlbn3IZ7v+tc+O+NkD6Kqo/6+vCE+MkeUOeA="}},"u8OxSCj6DTt8uszMor9u8n20rMPLn0ZOqeHO27pws+c=":{"valueMac":{"type":"Buffer","data":"vIZ6VSh8CE2ZkROEi0/TeXX80qZfTe8AM2A5Y16orJo="}},"vwbqQao9TZs0DbDzZ/hn7e9+BcHmKgndsymACYYkyv8=":{"valueMac":{"type":"Buffer","data":"CtSpCZFNjnGhTjsPG/zHxfvEFZXyrOGi1vpYsp32CJ0="}},"wFFgR7PLosFZQ0inm9tcru9W7T3YEO2RMCRZGgmz53k=":{"valueMac":{"type":"Buffer","data":"f4W3mWi9e7Uqjc2pOhLx73dv4ic0jc0tO9k9gN8eozo="}},"w9ypsXna76kU4SvlfPcXzdAPkfragtbD7K3VVLZb5Rw=":{"valueMac":{"type":"Buffer","data":"Y4yFXmeQk7Sajti4vT5NoUnYz+UFDsjbb9aO+v6Up6o="}},"xGJVLf7hbWoBSmrjyJUMUghoZtotTQUskip7ni7mc38=":{"valueMac":{"type":"Buffer","data":"uxdA3MKMF11SrC37Pl+WbKRWz1jZfsVhxx3i/IiTBE0="}},"1FnxN0m8/y8pBXyrv8yJwCI2WeZ4/dKZdt98IbFk8Nc=":{"valueMac":{"type":"Buffer","data":"wm2ArkHiMGe4RrhKLLds5lVMvIowtLakl2nLASDSE5k="}},"129U9VcdT1BXYwW1NZ5y5FIakV5fBQyu/QR4yGkyYus=":{"valueMac":{"type":"Buffer","data":"4Qru+E/zYlDcxHwnYdCBiKrNUbZOeg6N4Ad1fEAbimw="}},"38qTKJHcWudEsa8LU2T2+Rzr7fikD+D9n5zu/XCqlsM=":{"valueMac":{"type":"Buffer","data":"99W44TxPKWzNXtjTNa3vS8QsizjtYHmJbjXELuGPsvc="}},"41k7B+YKZkV81dMwVXOMvCjnETfJQjoWjFoXfqK1jvw=":{"valueMac":{"type":"Buffer","data":"34tpcrVa0sXDXk/6YoxWouT3b8ZWU/T7SbWa3K5vQ2M="}},"47R2Ca4pxi2swZf6czYbR30fnzxzo+uDJDOocejgpvk=":{"valueMac":{"type":"Buffer","data":"G9tijmkXKgg/zpVm9NdiL5yfOLTtcPKPcVv3ovi1nEc="}},"6H9w+NjzONWljPttYj3qlSEfRI0r0i4bQRni9aE9koo=":{"valueMac":{"type":"Buffer","data":"kS5aNjck8KC+hMDD3FYtjzBSfTfuMpyfw00WYfZ74mk="}},"78d0ZKhZdEkfjWQHWYr/yrCL+s+V/dK9dgTJLrVQgu4=":{"valueMac":{"type":"Buffer","data":"esl0K/fUZYkkJsMjj7Ns7JJGn1KzdKzNWksqAh/3P84="}},"8pkf8gF4uuxeXrno3wVlrA/EW7grbogz8VflzbfCRJE=":{"valueMac":{"type":"Buffer","data":"Q15FPE2y7YeHpuMXtSwsH6A2CHaB/9nUXrI93OZtrn8="}},"+f/o1tCNq2ia+KYalmIEjI5+prW5Xvfzz9r28blYSPU=":{"valueMac":{"type":"Buffer","data":"lrYqvm9NTn9iMVsrOAulvZOFLqjJdlO4tS+T0FXgfwg="}},"/BfmJQRN2JnmderaiSw26xHjWEJGZ9sC2oF0i1ldVj8=":{"valueMac":{"type":"Buffer","data":"pl7fZEalZrXrAK+gyg1XDq1LYEJt0kXlJfGKQQwY3co="}},"/DQ/thPXRTKTFZZbbUgaYJiOiXekbeMcJ8dLNByNiXE=":{"valueMac":{"type":"Buffer","data":"SuB53p3XRnB04lVopJReywQiTL9+BLAv7JMtfZrDd60="}},"0LsSsWAITnGPi97WeJ03M9DmwvzO5PPoucxPyTLW4U4=":{"valueMac":{"type":"Buffer","data":"55POVZwvRFBxomboGzDdO0tYqugf/l44l8oVhAIVzcw="}},"0e3QOYBURa2+mUvxKJ7KP7DMBX8OgDqaljyzkLG3fVY=":{"valueMac":{"type":"Buffer","data":"Us36qnqIb43inji9dY1FM8k+ZNPWHuHkRclbMBit/a4="}},"6eP1Hjm/OAZC3Z1oud4M8aI2hfD4VRMkqyLz5MmCHqU=":{"valueMac":{"type":"Buffer","data":"WxuQIE6hM0OpvjhrHB29yy/6YXf3XRASwzkH+RYkDwI="}},"hme92RIC4ondzA7GB0f1vjmJVli7gC0vbhv8Yfikt2c=":{"valueMac":{"type":"Buffer","data":"iuejxTcHzjrb7YodkfqAbm6rgjgEsY3grwiaR4FYvic="}}}}