{"version":2,"hash":{"type":"Buffer","data":"b34VCVx9I090h3wMF1Axi4N2+u0xT8x7jRFyntgkHwa5xcIsmmghvJ7GqxjDRFqEc9NKiFyqxXoHcvdjMJLJz991jl62scHzA+Xq70nYtnOj0og49/5DdS77bLWtogqsgsv6y/nwi/cIHBXqeE6DYnpBT/iAxHSoU+Xf+StW4tk="},"indexValueMap":{"6HhNm8Y1Cyhboa9wWcEAVrThsxYOm5iAA/OBHrfhDqU=":{"valueMac":{"type":"Buffer","data":"70Ng/x7HKsoRJlxb8+TVBp5QtHzws2buhMgyNZngDs8="}},"U9tpHeO7kNnBN0B3DcYhYXoIJo6noq+ZrpVfIzmMMm0=":{"valueMac":{"type":"Buffer","data":"+dokXi4wBtPjDwtNNBNjA68HA8QR+o+CYZRAnD228ZU="}},"+LLCbxj0C03EtrBZIzXkVeU/XPfqvvxplMJt+gAzivM=":{"valueMac":{"type":"Buffer","data":"Ymwl4jeE1VwpbYi09TH+1nsloUmus9qSVm0CkafCGkU="}},"Fk53PF1KcdGonvWtFR/p5ejY9VqQmYMm1UEnNBrvqsw=":{"valueMac":{"type":"Buffer","data":"v9YsWvz+XP5VpeyjYDndYc16vIhoDYYD0A6hXxo07JY="}},"YbS6JadtPVvKcHB3z9tsOLw7KKahx7YGyB2Xg9JGBT8=":{"valueMac":{"type":"Buffer","data":"qG+jvfsiOi3ryWUxJBKo+ze5oMPHCK1fbKfgfpJ0cn8="}},"PhOlhcG4av1zbvS+c2nsBxOHK+CaN9ApYiJcv65aJCQ=":{"valueMac":{"type":"Buffer","data":"QcGi5g/MfNCpypP9VYe/PJWuJagi9NCHkE4MxzBoK10="}},"2zqIwx74k+dKVkRBOtoD+/tW1mOyW2QyUzFkXIaZzWo=":{"valueMac":{"type":"Buffer","data":"TqklFBk7Vk/kSmQddlsEWyloHnZ6Y3XXBXwNN7LL/Eg="}},"9neUTmR/DjE6wMOBVErdS9pqF/enUb3t9J8jGG3cZKA=":{"valueMac":{"type":"Buffer","data":"ESCpCnhe0ZymJlyGdovMfTm9bnKjRaXlUKh8/NZPBAA="}},"Tor91Nj5nMhJkCfX2qivrSwyPC8nCjvIdVOon6IQojg=":{"valueMac":{"type":"Buffer","data":"Ngx3Bb+Vv/XB5hoPoF/vHacW0OTvKufoOJKGfIQKENY="}},"LQDoRSsJ0F+Maul5ol5NVJJr9xsuPh8rldJ04oWrYkE=":{"valueMac":{"type":"Buffer","data":"C9ZYBVNsUzdVIk9rnuf9hbodMtj22Fh3MoiOV80V1ZU="}},"ZYgEo16tKFtpJECR6IF09Wz0tiqTKMC3D6gQ8vMaI1U=":{"valueMac":{"type":"Buffer","data":"taXPRraEVG9ffxACkW3CDBRZrXp6UYwQiDEq3KCOqlg="}},"7doljlhElJMfNlDZaNNmdLX6jsEOHFRPSkFaTMJXXVI=":{"valueMac":{"type":"Buffer","data":"pRS+e02d/AHygLYrLG2yn+6QKurquB2qsUWpoCxIFZY="}},"7CLUTYMBgFouz8N6gRxvT2B17flF0IqqXe5V1Ii/75Q=":{"valueMac":{"type":"Buffer","data":"JjVXmPloEf3jCQbOfq1/KP4GyqoRxJibrvCA5syA9Ck="}},"H2NtiaqT83TwWlNZEZx6eo5agj7TyVkOdGuzVNniSB8=":{"valueMac":{"type":"Buffer","data":"MNg7+TvlmE/OzYRZeSlRzrLziXQg1ljdS32rcBJ3Zuo="}},"TbSAjuciyeNP85KeB9CMtBk0iv2JRjXzDjh9P+LZvKs=":{"valueMac":{"type":"Buffer","data":"TpAfbilb/wJBCaSb+T+nzQ0allq4blXk/oigxHvlVZI="}},"M2JA2++GUjG63sNzz8IFSRDBm/6xbhbtSal61OCdA0E=":{"valueMac":{"type":"Buffer","data":"o16cop0J5+XOYK3wajAkMUj8JSoK86zFjszR7TM1uWM="}},"aBVKu/qdnMUs3fWM0/4aGUAodZGk9m31d2PDWm2HdBw=":{"valueMac":{"type":"Buffer","data":"UH2z+Mxp9UiwE12rwVeJ8lOGN7QHUttI5oBelriO3cA="}},"55emeCocfOC5+hOCjw5lx5U4znDh96F+kxmjUiyUIcA=":{"valueMac":{"type":"Buffer","data":"faOsh4I/4Yc4AFiv0T6iK8cJm3d+LjhPVCLgvyfN6Ds="}},"4lAKIZEGRA0XfNmRdx19iLL81whcR2TB0NqgouqeI8E=":{"valueMac":{"type":"Buffer","data":"nZ2czmDtVRbWFMaXvSSEMKvL79apw6qkC4rh5QRfG/k="}},"EAYbeOT738YifGQbJOP0xNesdNCtR0PstnRnjnZTHtc=":{"valueMac":{"type":"Buffer","data":"M28Vom8//U/ZPQ+VAt5DwDr4FnD1k93cT02s/lvi7Nc="}},"VbCOLRlGJQVCcGUkvVneh/tM0fvV+LDWqJTCGci8+gQ=":{"valueMac":{"type":"Buffer","data":"OnCmZCgdpFHZ6ln3UBB4MqUEGZb7fN1kvvwQCnYy09A="}},"kFpb16N/zKWPMH5q3BkDqulkxB7IS7On9xzAHSWbt+c=":{"valueMac":{"type":"Buffer","data":"Ays7Q/Dw41sCOQrOAMG2cJ+GqKWqPRxVdyRftVrqbNM="}},"P+5tpdHNYaJjenDustrpvZygYYDV3YQS1+dmgz3vKT4=":{"valueMac":{"type":"Buffer","data":"s5gJSHAWhgzSzHwGxnNc2tSyk6xWlat/JS/7bUoId5s="}},"d5HHhZxpZYOWT3e1tsN2k8zL04/5mLyYbltouzdIGhk=":{"valueMac":{"type":"Buffer","data":"QDgUmvUTELq8WE+ieFcXW8XIafnzdv9aSZDmfYUaLmw="}},"vFL7slt66F/smlvxJ8Av6f08vvrjlXJZN+hs8YL4mkM=":{"valueMac":{"type":"Buffer","data":"S8w9MTwP9XawPiKjn0hXZc7tGSFXsVxiihWbJfCmDtg="}},"0Ud2nhXpkAo05rzMBiemVlbu7AvKQYRkODTt5iJlsdw=":{"valueMac":{"type":"Buffer","data":"yTNrb7eFkCa3AfmrSmE7XvrYykkTYAm9l80YJpPzuvo="}},"2Y3TuD5S5drjxPWU9VGZIm6Ujte+05k0yJDbrN/id48=":{"valueMac":{"type":"Buffer","data":"tkEOhhFqmY6KKCQGC0EdtBMBd3H4tXwru8jXqzO/ex8="}},"iyldcUotCK88ZkP/keRpM1NAvDpr4SPPAEPER/YTom4=":{"valueMac":{"type":"Buffer","data":"qTOYshCjv8nScW3Jm6D5ljDu1QiWvYcu5DpWMj3q3KM="}},"ygZqJ0eQw2Bey67Mhqxmn+q1OLeXiwwQYDxbrkmQ+qw=":{"valueMac":{"type":"Buffer","data":"8eUoDbrXElN1C4Ws06FS/VQ2TI7N052dEsOiB8UZRUc="}},"0QG1r2laTWgQcEG4LeFJ8Eh2u2X+h2DH2GyfQ3xnX8s=":{"valueMac":{"type":"Buffer","data":"P7mHRNJeGcT8m+KAGGEEKqZuJ8Vn7WlYGNPqlAVykMw="}}}}