{"version":2,"hash":{"type":"Buffer","data":"9hw5eaXGiMuAwsQHvn3/4aYxQsmW/FPp3ViM910iS1dy0kt+dKHI7rNFYSyzDrVP8oArfDiAp8ZXREmmC8E/mlJ9ffxK015rrlYH+WaIhc1URChAxhlzUoq6fU2pR8SvuDV1Itwn64hEKyiFh1NyTb0t3oxEt0MPDFqWny5K1K8="},"indexValueMap":{"B/FXBq1EycjMmIhpXIMa2ZDiJkKna20bUtKORWEnEPo=":{"valueMac":{"type":"Buffer","data":"smYupVf5DIRBMITsDGNBjl2Z7IfZD6XksXOXj53aN6U="}},"zjJ6V5enFdi6TuMJ4oX/yNubTjOfyCHO9ga50cOjl/M=":{"valueMac":{"type":"Buffer","data":"Cf6WDal338CJADRdQzxgHPrCmWb9xkSQy4CvGfAv/Bw="}},"hJA9fuZDVOWg5z/mkGopRcDvqpeCMngtnLqq4DzR1TQ=":{"valueMac":{"type":"Buffer","data":"M2D6nZUqYA4Gs+A2AixkmiB3WH6KFakUg+LBER9H44c="}},"E9d8mAaCjHL4FnEgWBIlNMRHWf4D+Uy2Eau1lEuxXXk=":{"valueMac":{"type":"Buffer","data":"RM/MaRcGRVz2T83BK9VVfEphVhze403OH9UksalbJL4="}},"I9GPusjxN7KhAcA00y1ZK1JgCIDm5xTk/SVYV4iyX3A=":{"valueMac":{"type":"Buffer","data":"qANy1KGjcQdxMteFCmMlfeoE389sd1iytQjyJ9horqs="}},"uG5aYaWbKf4L5ZC/FnuJ7UEIrgv18Y+8GsEULalxXQA=":{"valueMac":{"type":"Buffer","data":"TI8bOPhb6IN8FsAa6XzMtnqRS/shR2kk5nZkbX9CwKA="}},"GAmFWk1Dtoa/NOlcP/HlrsBo09qdqX1LwLD1T/ngcyU=":{"valueMac":{"type":"Buffer","data":"bcIn1Yt0Esps1DLEIVvVMgkhbjS5OlZYJcBC6HTDaNk="}},"DAFEXIoX+y0Ox+K0/akBRGnWY8QbMM2Gq5XSwOCz8qU=":{"valueMac":{"type":"Buffer","data":"qEK4yFFOYiLXHXpU3WfjMmDTZs4HDVcF03UJTONKANc="}},"9Z8ICFVmg5ru6UjgGtuzremDz3uG/8ysleqFhNodndA=":{"valueMac":{"type":"Buffer","data":"N5ZgI1afO9Jnqr7N4GYqKuPKubgc1vh2XPJRZ6hI9L8="}},"4b72pBC8UVXaL8T5EJc+X4qV24F3jeC5aTBHBKdhbds=":{"valueMac":{"type":"Buffer","data":"kGicvw//3JanoB2LN0klGrd42s+943SaJhu67SxDW/M="}},"2R4bnB5hWPQnU7hv/u5EavboxX+JfwuMZobXN8VaLXw=":{"valueMac":{"type":"Buffer","data":"ZQ9yVc9KOSV7ZbcM8NxdnmyarFj0+fnMBZFKjPXdSUU="}},"xX4A68kOWTMo93os7OxTJl0Xt8EwiCrGPckEUwajGKk=":{"valueMac":{"type":"Buffer","data":"dwDTvlJj2dLJtwlYDehmh3IKvrgB7+TPmmugdF0iFR4="}},"6v1da6VDqroJmVaIMAAzkKVrWvj8/DKE4+4paXBIi6E=":{"valueMac":{"type":"Buffer","data":"lWiImBbQX46GCiJTVdhYVIybjLhxuWm/JQYIvrf7AHU="}},"d3jTY1rpm7sPh0d1jIzxD7x6K7bPboGMnyN6uFXSR3I=":{"valueMac":{"type":"Buffer","data":"iFFzrF0d+7/SoIMFfsHd5nsWczZ2xB5jDVtroL+VfFU="}},"9VwNCBnePF7qngaSP1tm44scrVLM0x0oZ4NgS43W/Yk=":{"valueMac":{"type":"Buffer","data":"n+Oex3A68Ou7+UlWBWBpaENoWw5TirH7NmZmEbHF2Cw="}},"8mfcRo6V5Y78TetR6Nvdc/62/xRaegPV6K0jPN6VvhU=":{"valueMac":{"type":"Buffer","data":"rCiQR8PFVA8dnECeWYMx1TQ5yF9GQPIcCBV+MXyWe4w="}},"At8/iQB/oPcE7t5fi6ozd54M61Og5bg8Q60Ci4Y8HAg=":{"valueMac":{"type":"Buffer","data":"8CXg8EhLxnPZNeTWtgtqeEBkbhuVcmXrqkU3M6vg+H8="}},"yPziYSZnfKc93emGEkhylSj4FyKjPhaSvSOABaz7zjk=":{"valueMac":{"type":"Buffer","data":"sHqWfHHXeIdZzIiw7jrlqHMBPGx0Uxij4s+9xVrniXc="}},"XL8yQZ56UH2X1tDITqckilsLopraWmolFiV9S0+1g/c=":{"valueMac":{"type":"Buffer","data":"kRAN467PTZXFfFRlHlXr8SRVdjHlKAWimuL/poupGsA="}},"D2z4fwKHP3O5k1vDLFfMsAHSA7El7JnhrDEm5WctbnI=":{"valueMac":{"type":"Buffer","data":"mbFlzKCx6Ytc+OXCxef1Seps3jMrIq3WKhQzr6BYRqU="}},"0eX1JiRKAzJgKS2NRc9iNhzr48FhfBqZGyKMQ0XrYLQ=":{"valueMac":{"type":"Buffer","data":"YrfF0RbOgKiEtOx1G0v0BHrMEZSJ9pZG6d+jf0kWhe8="}},"PAYx0XS1ZbX04UGqM1/ZXCEsq2TY9xQN33DV3hGFF0A=":{"valueMac":{"type":"Buffer","data":"U0jBxpIrsBAkJbHRPQMFl1sBJA5DY8a6E/U6psSxNow="}},"eLtF6xvK78g+D0ACxYxvR/kV/bnpMMwy7oxvwTjJ1CQ=":{"valueMac":{"type":"Buffer","data":"HxTULFy8U38qd2/cHMpip7fhHxK4Les+isQ4zh1aWZE="}},"R9A8r3De06dRrk8hFZbH9iJjyEmjyXbmW4XHS7yn5SA=":{"valueMac":{"type":"Buffer","data":"3OdjXqtRCt4gUK8LlA4hp4R3DYIp7wIoEskGs2pWLmE="}},"hhxNth2VQCAkz+Cd2dhP5yEL/ngG9QIdB/nD3/cL7Qc=":{"valueMac":{"type":"Buffer","data":"u87lGifafrbnpDkmLW3pvgtvQWYZ4WKj/1hJxEPv0jw="}}}}