{"noiseKey":{"private":{"type":"Buffer","data":"oAm7pE5Yjl63R7e319Df8tBFcuzOwcPzNtyxa+kkFks="},"public":{"type":"Buffer","data":"3v4ZKNheb1PcelVK+wqcD4bRE+RSjPvc1bFY9sXcCg4="}},"pairingEphemeralKeyPair":{"private":{"type":"Buffer","data":"cLmF0YndkTfHs+D96hdxILIJ07o0kllseIhKRXEcEHs="},"public":{"type":"Buffer","data":"wGrvPCJNc30RdMVqud/65+oMumOszWSaCIgedNfk40M="}},"signedIdentityKey":{"private":{"type":"Buffer","data":"kEPf4C5ol/m+7fGcNN2yy08ptC6CNKKVVOi9H5N3YX8="},"public":{"type":"Buffer","data":"wMYp9HwNJJdaACpP2Up8+Zq/5B6uXmshA0scFUNEDCk="}},"signedPreKey":{"keyPair":{"private":{"type":"Buffer","data":"8BmfhwVJVShhn6qJ9DnmUvvh6XVXglAfOS58qBOu3Gk="},"public":{"type":"Buffer","data":"RI0wpnJyBPLrjE6b2ySovR8+V44UmA7zzl0/RMQg/hI="}},"signature":{"type":"Buffer","data":"WiiOU07NWWb3oUGPnLuE/74e91xpJwFFHD1OgLiCUXKNFXgedS1zJ6g23CbH3VOt/YiTUjKvxY2bVMTQ6+vhhQ=="},"keyId":1},"registrationId":101,"advSecretKey":"FXvkgCbxtc5n99eZtVTazpOIPf1W3e3Sg0DVipo5dpI=","processedHistoryMessages":[{"key":{"remoteJid":"56939007502@s.whatsapp.net","fromMe":true,"id":"AC2485E12F069675C63E5B1EC7ECA01B"},"messageTimestamp":1770902183},{"key":{"remoteJid":"56939007502@s.whatsapp.net","fromMe":true,"id":"AC35F338E7EEA7724964282F219EE324"},"messageTimestamp":1770902184},{"key":{"remoteJid":"56939007502@s.whatsapp.net","fromMe":true,"id":"AC55DED515013BEE28B2015B687F66A8"},"messageTimestamp":1770902196},{"key":{"remoteJid":"56939007502@s.whatsapp.net","fromMe":true,"id":"ACE3C8DA4A9A99DA4F800806B2A16EF6"},"messageTimestamp":1770902205}],"nextPreKeyId":34,"firstUnuploadedPreKeyId":34,"accountSyncCounter":1,"accountSettings":{"unarchiveChats":false},"deviceId":"ICcsWthKSCCGmlQAM9KXrA","phoneId":"bc12c06b-a420-4153-b6f4-38d84d9cadcc","identityId":{"type":"Buffer","data":"M0M4ajXj01nR9eE3ZQDJsrdJ5Fs="},"registered":false,"backupToken":{"type":"Buffer","data":"uV9YogyA+vlwIdHEnnCmU84gVzk="},"registration":{},"account":{"details":"CMvVvokCEKClt8wGGAMgACgA","accountSignatureKey":"GMFBieXmdIze8NdWE9cz651Bz6wc6EWTgsBUC00hxhk=","accountSignature":"MGVNWbxTsFnsotC9IFoO53khtrPYVxscW1ESBLum7Y3/LgU6wNMzPORx3AjadPC+J3r6deSEHjhf7loJVL4mCQ==","deviceSignature":"FSJLaR6wIHeG1ufjgnGC0DJGcF5bBHJqgOYywIflyy9bsMx4ffqahtvxZ3Q8qnCDSX9qEPweA2wqqYF8ITJ3iQ=="},"me":{"id":"56939007502:49@s.whatsapp.net","lid":"22200837009409:49@lid","name":"luis Acum Guerrero"},"signalIdentities":[{"identifier":{"name":"56939007502:49@s.whatsapp.net","deviceId":0},"identifierKey":{"type":"Buffer","data":"BRjBQYnl5nSM3vDXVhPXM+udQc+sHOhFk4LAVAtNIcYZ"}}],"platform":"android","routingInfo":{"type":"Buffer","data":"CAUICAgS"},"lastAccountSyncTimestamp":1771248059,"myAppStateKeyId":"AAAAADkp"}