[{"senderKeyId":349803639,"senderChainKey":{"iteration":16,"seed":"zC9Bxlkhwh5XLNFG7p9w1Q1sfSbhQyetTcJJj8I9wms="},"senderSigningKey":{"public":"BSD+TFL/Lqa7mYE808a56RlrgP+GPcfH87qGUl1dBOEi"},"senderMessageKeys":[{},{},{},{},{}]},{"senderKeyId":349803639,"senderChainKey":{"iteration":12,"seed":"Wq5OGuP08QwMFj34DGAEBy7MiNCz2bSdMO3FPI49fmA="},"senderSigningKey":{"public":"BSD+TFL/Lqa7mYE808a56RlrgP+GPcfH87qGUl1dBOEi"},"senderMessageKeys":[]},{"senderKeyId":349803639,"senderChainKey":{"iteration":13,"seed":"uEJkp+LHDgYeFwnauPFQ5ia/oidVE/cc2MGs4NVn8s4="},"senderSigningKey":{"public":"BSD+TFL/Lqa7mYE808a56RlrgP+GPcfH87qGUl1dBOEi"},"senderMessageKeys":[]},{"senderKeyId":349803639,"senderChainKey":{"iteration":14,"seed":"oP7WuEa1e9Xmiu9gGJrsFc4V35uebWu/i/XE98tKvJ8="},"senderSigningKey":{"public":"BSD+TFL/Lqa7mYE808a56RlrgP+GPcfH87qGUl1dBOEi"},"senderMessageKeys":[]},{"senderKeyId":349803639,"senderChainKey":{"iteration":15,"seed":"6IJYUa5Pu6KDFJL+IHoZ5h/LduUPlmJlSk7Shal+B6o="},"senderSigningKey":{"public":"BSD+TFL/Lqa7mYE808a56RlrgP+GPcfH87qGUl1dBOEi"},"senderMessageKeys":[]}]