[{"senderKeyId":1451292700,"senderChainKey":{"iteration":17,"seed":"pzgtoecE2aY29gaUEv41r7YFcP/nm4QiAaNv93p4/VY="},"senderSigningKey":{"public":"Bda/iytHtkKH5N9Mus7sKLLVyN/zfsqcuMQta6RACwxl"},"senderMessageKeys":[]},{"senderKeyId":652452080,"senderChainKey":{"iteration":3,"seed":"F63glys+QsGsK4xsFqWZaq3M18mfUAz7/Lsus/c1G7U="},"senderSigningKey":{"public":"BYxC0D+ZKI8fO2jNG5rXBOTWz6ubOLBNfdwfrBYgTFhh"},"senderMessageKeys":[]},{"senderKeyId":1314872377,"senderChainKey":{"iteration":1,"seed":"Z9mQf/FVNrr8a7AVYFzo/oij5EdeAc/kNCHSr7t2foU="},"senderSigningKey":{"public":"BS6AgFZum85TF15QchQHeFtpT9ks2mCuvZTgrhUwRcBx"},"senderMessageKeys":[]},{"senderKeyId":367739127,"senderChainKey":{"iteration":0,"seed":"qRZ5nFGnWULQe14NYFxtTuACrFhfmnq26FExJO/qnWA="},"senderSigningKey":{"public":"BVUJGZKL68TOs0eMr7siaDNHH/U2o7Uq4BORcnCG8bYP"}}]