[{"senderKeyId":445774131,"senderChainKey":{"iteration":60,"seed":"KCoHzYcDxW+NPgMRE92yI2462LRNpMKnCfE/26rNOMA="},"senderSigningKey":{"public":"BaTUwXHZ+SRKmGcfh1usvRAheYzllZ6c4R2qVmH1cacy"},"senderMessageKeys":[{},{},{},{},{},{},{},{},{},{},{},{}]},{"senderKeyId":445774131,"senderChainKey":{"iteration":45,"seed":"4fHoLwyxkYIgFky2Mi2EDCkV0x6/Whlp1saWhN1/RQ8="},"senderSigningKey":{"public":"BaTUwXHZ+SRKmGcfh1usvRAheYzllZ6c4R2qVmH1cacy"},"senderMessageKeys":[]},{"senderKeyId":445774131,"senderChainKey":{"iteration":50,"seed":"nqTbLB74KkZgwMNEgov9Poc6jMwJh5JNiYOkvYB87l8="},"senderSigningKey":{"public":"BaTUwXHZ+SRKmGcfh1usvRAheYzllZ6c4R2qVmH1cacy"},"senderMessageKeys":[]},{"senderKeyId":445774131,"senderChainKey":{"iteration":56,"seed":"5B+Y0lgD70nqJVcPOnUlOFbGRCItXZvec7PD7cCZ6Vo="},"senderSigningKey":{"public":"BaTUwXHZ+SRKmGcfh1usvRAheYzllZ6c4R2qVmH1cacy"},"senderMessageKeys":[]},{"senderKeyId":445774131,"senderChainKey":{"iteration":57,"seed":"Ny436Rj+hZ0MRUgPKZdx9QDQjYPy9i/yXHBELX8ho80="},"senderSigningKey":{"public":"BaTUwXHZ+SRKmGcfh1usvRAheYzllZ6c4R2qVmH1cacy"},"senderMessageKeys":[]}]