{"_sessions":{"BVVEZv+719HeV60DX25jYBAQDZoQgi2Z96GsmmbRZZ4M":{"registrationId":1925736478,"currentRatchet":{"ephemeralKeyPair":{"pubKey":"BVZrXOL8yfBTsHTJ5qmpjJfVKELq8vL+uv6vClFrhqZX","privKey":"wBpWlXeaGynhcNnteEjCNtjg5PDbKpdRWSso/j+yjHY="},"lastRemoteEphemeralKey":"BVUOlMRG2yyHvw/vh0HO73UoBiUhk4eHs4MKrueKsrIo","previousCounter":0,"rootKey":"hiCATlzVO8rsAVi37CVTnqLa1A8TwgjF55oE+v9ciLk="},"indexInfo":{"baseKey":"BVVEZv+719HeV60DX25jYBAQDZoQgi2Z96GsmmbRZZ4M","baseKeyType":2,"closed":-1,"used":1770921816722,"created":1770921816722,"remoteIdentityKey":"BZwTR3C6alhShNpAb8ac+BIhrR2ouPhLRnA31Geq5QIK"},"_chains":{"BVUOlMRG2yyHvw/vh0HO73UoBiUhk4eHs4MKrueKsrIo":{"chainKey":{"counter":0,"key":"wtFEzJiktFrj4Q1WZkw7Bzst5vemYHMHByUdxIC6/Fw="},"chainType":2,"messageKeys":{}},"BVZrXOL8yfBTsHTJ5qmpjJfVKELq8vL+uv6vClFrhqZX":{"chainKey":{"counter":-1,"key":"IkE1qZaFqMnEazIVhsFFiMgmDtLbXVDebvws/77YbiM="},"chainType":1,"messageKeys":{}}}}},"version":"v1"}