{"_sessions":{"BavNr9sqMmERqYB4QFfp7xLrLAvRJC6ZbEaFQCXi+usu":{"registrationId":8117,"currentRatchet":{"ephemeralKeyPair":{"pubKey":"BWtBrJTA+oNtcfbWx5omSMhoy3qVuKx744TW7n+jghJ3","privKey":"YALMjPtfbjxQyuvxeSsv6vZeKnuRizw+6cDaM/4lYkU="},"lastRemoteEphemeralKey":"BfnnMNMJJY3HH//eTZpDbcP8xUHLCIGCJoa0jn5+umcQ","previousCounter":0,"rootKey":"QK5+fto1zZPd9MvHUYG4S9LsUd7VTeqSJhGaHq4AKDo="},"indexInfo":{"baseKey":"BavNr9sqMmERqYB4QFfp7xLrLAvRJC6ZbEaFQCXi+usu","baseKeyType":1,"closed":-1,"used":1770992353289,"created":1770992353289,"remoteIdentityKey":"BWhW8kNI9Tc5gFAMocue8IkjtIhxlG0kmlr2c0cBXdII"},"_chains":{"BWtBrJTA+oNtcfbWx5omSMhoy3qVuKx744TW7n+jghJ3":{"chainKey":{"counter":0,"key":"YGvmo8hzxgmVgYs+Jvk0WJzYiynIhafWe8aZqon0Mf8="},"chainType":1,"messageKeys":{}}},"pendingPreKey":{"signedKeyId":1,"baseKey":"BavNr9sqMmERqYB4QFfp7xLrLAvRJC6ZbEaFQCXi+usu","preKeyId":667}}},"version":"v1"}