{"_sessions":{"BSR75n+QIEaLp2PviG7ex4wdf1eQQ/32xwI80kQJTetf":{"registrationId":945348072,"currentRatchet":{"ephemeralKeyPair":{"pubKey":"BYdxnBaUU4tgtXRVP47m/N0691lWA/AKlWubduGxwgRx","privKey":"QCL2vfHGi0OXr1HD3/H0IXNncpKfjOTnIpm1ziXcZFA="},"lastRemoteEphemeralKey":"BcbCLpUmAX/lnJyGD3/OK+wYHwPaQoTYrEEojQsy0cpx","previousCounter":0,"rootKey":"jfh1xXMWdqitoLZwx04zCTM7orqYouLdI5K2wgYbvs0="},"indexInfo":{"baseKey":"BSR75n+QIEaLp2PviG7ex4wdf1eQQ/32xwI80kQJTetf","baseKeyType":2,"closed":-1,"used":1771248062536,"created":1771248062536,"remoteIdentityKey":"BaN+pTF80uuGdb2KGOLqGGkHXZRpN4TVYZ/G22j/xOk9"},"_chains":{"BcbCLpUmAX/lnJyGD3/OK+wYHwPaQoTYrEEojQsy0cpx":{"chainKey":{"counter":0,"key":"eh8hiRTTsuy8j4G8jOhImDftME38A1I7xlPb4qJHG/I="},"chainType":2,"messageKeys":{}},"BYdxnBaUU4tgtXRVP47m/N0691lWA/AKlWubduGxwgRx":{"chainKey":{"counter":-1,"key":"/OT2ZwcRe5uXYMYUMezga/Q/Pq6may0tCpIlyk/9VUw="},"chainType":1,"messageKeys":{}}}}},"version":"v1"}