{"_sessions":{"BfyiZFMR17G3mLvKk9RW53U7RvSpOMXTJa0mnb0zrxB6":{"registrationId":16251,"currentRatchet":{"ephemeralKeyPair":{"pubKey":"BbV2QG4b+9XS36+DJ7nn/ukP10+YKjmnkcFh2SguFHQ7","privKey":"cPmYDMNisHsqWI4ZrsSeadQ/ACVgpGwrpj1iV/L2HkI="},"lastRemoteEphemeralKey":"BaQNGs7Yw1NZGLI1JzqkUydwyxet49E2zNsFZkjZF3YO","previousCounter":1,"rootKey":"U/NqiSPjG3KqwvMm86UlH1fYnYbUpioBVcoBMjYLkCI="},"indexInfo":{"baseKey":"BfyiZFMR17G3mLvKk9RW53U7RvSpOMXTJa0mnb0zrxB6","baseKeyType":1,"closed":1770918659315,"used":1770918658623,"created":1770918655513,"remoteIdentityKey":"Bet3TVTVJvPhUapM5qQKuauw1CaCTi17kYDb/nIyYcNN"},"_chains":{"BaQNGs7Yw1NZGLI1JzqkUydwyxet49E2zNsFZkjZF3YO":{"chainKey":{"counter":0,"key":"FiHOW/wY6gEllIosQwujdRRUNeum/Fcoom+nsm6WYsY="},"chainType":2,"messageKeys":{}},"BbV2QG4b+9XS36+DJ7nn/ukP10+YKjmnkcFh2SguFHQ7":{"chainKey":{"counter":3,"key":"eLViva9a5WF1Zg/oyJjeU5GPuw8EO9jagqXCqqcdcZA="},"chainType":1,"messageKeys":{}}}},"Bf5G41GS6y+6YO28jem/VxsOt+wNvZy5N6fnc+ODraUU":{"registrationId":16251,"currentRatchet":{"ephemeralKeyPair":{"pubKey":"BZh9czJsC2rju4gxZG40f3ezwCwYLFx5ZiygJlPXHUwn","privKey":"cKsxTgkzU/dBK4nTlj7D3OJqiBpZjswtmgsbcUWwrlY="},"lastRemoteEphemeralKey":"BbDi6SJdeZVFaMa2Du6vvweBJkmKUS/E7qY1+Te86gEi","previousCounter":0,"rootKey":"RXxYMEI7wwMC3x6Z/quBe01Ay0rA0k3Cvue71vcUAHM="},"indexInfo":{"baseKey":"Bf5G41GS6y+6YO28jem/VxsOt+wNvZy5N6fnc+ODraUU","baseKeyType":2,"closed":1770918660120,"used":1770918659318,"created":1770918659318,"remoteIdentityKey":"Bet3TVTVJvPhUapM5qQKuauw1CaCTi17kYDb/nIyYcNN"},"_chains":{"BbDi6SJdeZVFaMa2Du6vvweBJkmKUS/E7qY1+Te86gEi":{"chainKey":{"counter":0,"key":"TaArkhLn4HZcZhNGhmub/HDeGVSKLDVmOeJ1drne3oc="},"chainType":2,"messageKeys":{}},"BZh9czJsC2rju4gxZG40f3ezwCwYLFx5ZiygJlPXHUwn":{"chainKey":{"counter":1,"key":"b58urqxUH/VfQwZNkmR7oVH1alfaa9w82YKZoRNpK3o="},"chainType":1,"messageKeys":{}}}},"BU+5V2t5DfsD0o0djkdqs89dG1y52ZzZ9kQvuQpPQaxR":{"registrationId":16251,"currentRatchet":{"ephemeralKeyPair":{"pubKey":"BR4Pnbs+UyLs7A1DE0lM0hEpx5BJY/LqiGGGmJo6LVtj","privKey":"QOO1evgQDhnqwn1sc/NFzGPEYNpu3KO39jr+Nf0aL0A="},"lastRemoteEphemeralKey":"BdGcZKlIYzJx6n4eZQjgvq+dEZeBh6krxXf0/lxA5WEO","previousCounter":0,"rootKey":"WQ+Zic2DfWuQ3VzTMzwU5dvR0urMMTShBS19JSI4kqA="},"indexInfo":{"baseKey":"BU+5V2t5DfsD0o0djkdqs89dG1y52ZzZ9kQvuQpPQaxR","baseKeyType":1,"closed":1770918660768,"used":1770918660117,"created":1770918660117,"remoteIdentityKey":"Bet3TVTVJvPhUapM5qQKuauw1CaCTi17kYDb/nIyYcNN"},"_chains":{"BR4Pnbs+UyLs7A1DE0lM0hEpx5BJY/LqiGGGmJo6LVtj":{"chainKey":{"counter":-1,"key":"PRV982IK5jIolFchOvo9bwarwn3mX4G77v4L231Kx8Q="},"chainType":1,"messageKeys":{}}},"pendingPreKey":{"signedKeyId":1,"baseKey":"BU+5V2t5DfsD0o0djkdqs89dG1y52ZzZ9kQvuQpPQaxR","preKeyId":44}},"BWp3QsinMks4DfLANRc8BH1D1zxmGpDqWmr60Cmo6zAF":{"registrationId":16251,"currentRatchet":{"ephemeralKeyPair":{"pubKey":"Be4fCRz6VvQu/KNapxypmWtG9lvTQzeDW9l2Cui6M8sP","privKey":"OMYWqFdGfxP0NJHTJ78D0UhD0Ww9LI0xtS5wtGOYEXI="},"lastRemoteEphemeralKey":"BR3NlAWFDaQLxrWjfwGp6z3FCzBuCH+lhl0Xgpt+ah8s","previousCounter":1,"rootKey":"zQvtbA+VfLICDBnmYuxQgVT1ZKD6sG14FFOUPenEYFI="},"indexInfo":{"baseKey":"BWp3QsinMks4DfLANRc8BH1D1zxmGpDqWmr60Cmo6zAF","baseKeyType":1,"closed":-1,"used":1770918664212,"created":1770918660749,"remoteIdentityKey":"Bet3TVTVJvPhUapM5qQKuauw1CaCTi17kYDb/nIyYcNN"},"_chains":{"BR3NlAWFDaQLxrWjfwGp6z3FCzBuCH+lhl0Xgpt+ah8s":{"chainKey":{"counter":0,"key":"grBdAa8FRkyzkyKck6VdNV/ncdGRw+Q2nINomEGvjS8="},"chainType":2,"messageKeys":{}},"Be4fCRz6VvQu/KNapxypmWtG9lvTQzeDW9l2Cui6M8sP":{"chainKey":{"counter":4,"key":"3Y55JIeQM/wccTnv1eJVrB2MiJUxs4xsINHxGLjd6AI="},"chainType":1,"messageKeys":{}}}}},"version":"v1"}