{"_sessions":{"Bf4lEN3AzqI7cyiSgRING46eDm1e0lhq+B5vnB/0YD9v":{"registrationId":726865907,"currentRatchet":{"ephemeralKeyPair":{"pubKey":"BWtHh8cASEwUA0Q4fzMsf4A2AhYsWYOCZ1vryhSEM0kY","privKey":"gAa+ZgU0dze9Fmpyr9GYZRI32GFG15tQ9FRLgCMLMHw="},"lastRemoteEphemeralKey":"BWMtJuDuys61pEEuRRSnULZ4I3jT9NaLrE5LIESMh+EI","previousCounter":3,"rootKey":"sClWuz6yyDivVJKQ13wxeDzKFOVQBd8g7FsMg4Tkb0M="},"indexInfo":{"baseKey":"Bf4lEN3AzqI7cyiSgRING46eDm1e0lhq+B5vnB/0YD9v","baseKeyType":2,"closed":-1,"used":1771248069680,"created":1770902181730,"remoteIdentityKey":"BRjBQYnl5nSM3vDXVhPXM+udQc+sHOhFk4LAVAtNIcYZ"},"_chains":{"BZF/hi0BZj3luOk+fk2noEsEVWOfB7FsemZe2NV0PD9L":{"chainKey":{"counter":7},"chainType":2,"messageKeys":{}},"BSyRttQbk1lX1Dj9P2+Rl34P18zbzaTU4xV2a4mgeDUl":{"chainKey":{"counter":1},"chainType":2,"messageKeys":{"0":"Tf62jajxjbgWo3IfMB5m1jKtdA4ZKUQNRHsFve0fIEI="}},"BT8NaNh6RuooamVPrxOtBdkIAMaJgB3GxCNu7fV9qLZw":{"chainKey":{"counter":0},"chainType":2,"messageKeys":{}},"Be0iIA0TB/HU0U20ahEgi93dcgCViFqRuOoVPDhVWY42":{"chainKey":{"counter":0},"chainType":2,"messageKeys":{}},"BTdABE7CZennQqJDcFe4TVc6toLhKgX0l5pe9WlLf8F6":{"chainKey":{"counter":0},"chainType":2,"messageKeys":{}},"BWMtJuDuys61pEEuRRSnULZ4I3jT9NaLrE5LIESMh+EI":{"chainKey":{"counter":0,"key":"MNS00WYjX5lSFUR+tmSm9u6B04ZXNOXKIyfYTR11VAE="},"chainType":2,"messageKeys":{}},"BWtHh8cASEwUA0Q4fzMsf4A2AhYsWYOCZ1vryhSEM0kY":{"chainKey":{"counter":1,"key":"EVZvjD21PH/dC4fkjlG0FctkJTH8zd3VBByJfC8ngOI="},"chainType":1,"messageKeys":{}}}}},"version":"v1"}