{"_sessions":{"BbHXHZCucaQJz/b5eYA+xKorcc921GwwAQf03kQNh+N4":{"registrationId":976194052,"currentRatchet":{"ephemeralKeyPair":{"pubKey":"BeJfW0PtJkwwXPWEx1pdbz/H6NXXWLMERzg8lttR5K9l","privKey":"SJyrp9z4Jn2DDAHjxZuGlz8OT+1sJCz2L2bXylER3kw="},"lastRemoteEphemeralKey":"BaufwHDLAcz342/SqMaVeR239U6IkVbs9g9YjDwQsrRc","previousCounter":0,"rootKey":"YnMaEqmc6UdBrBfzjvzkB5e0gZEN/RNGuXAIzq7I3uk="},"indexInfo":{"baseKey":"BbHXHZCucaQJz/b5eYA+xKorcc921GwwAQf03kQNh+N4","baseKeyType":2,"closed":-1,"used":1770918512242,"created":1770918512242,"remoteIdentityKey":"BUSGnH4jGnFelPFKw8NIWxdzK5HfQfuQ5oPmsbg9vHQT"},"_chains":{"BaufwHDLAcz342/SqMaVeR239U6IkVbs9g9YjDwQsrRc":{"chainKey":{"counter":0,"key":"Ftq8XdNKSu86ZgD8iKF6N8Tl6rxZkzgN79Pdd/p4UCQ="},"chainType":2,"messageKeys":{}},"BeJfW0PtJkwwXPWEx1pdbz/H6NXXWLMERzg8lttR5K9l":{"chainKey":{"counter":-1,"key":"OFVZHfCt+w4hEjq20na4Bw5KVWwsxB6xHv0hxZHCves="},"chainType":1,"messageKeys":{}}}}},"version":"v1"}