{"_sessions":{"BaFHCL4GnDPfuC0/NR+LGEwJaLFRwrstpc5qaP6CTQZS":{"registrationId":5230,"currentRatchet":{"ephemeralKeyPair":{"pubKey":"BXGl6XVMJPKVE62fmfsVk5ulwTp4GvzZBuCeXXK2bYxY","privKey":"WF/Hbm+DgnBnbN7wFupFZQ8YmmW2ADYqIrBVppY4hlM="},"lastRemoteEphemeralKey":"BT6LU3ieCQl7hfsNaRTlt12bekLYNlhQWwDfR0Y1QdNe","previousCounter":0,"rootKey":"VRmA8OCFlDu/20EOS6iLMXV41fwwOhaYN2vJFYRW2UM="},"indexInfo":{"baseKey":"BaFHCL4GnDPfuC0/NR+LGEwJaLFRwrstpc5qaP6CTQZS","baseKeyType":1,"closed":-1,"used":1770992353293,"created":1770992353293,"remoteIdentityKey":"Bb0+7Xlh9RAPb00COskCELMXyzCOqaBtiK3i5W335/A8"},"_chains":{"BXGl6XVMJPKVE62fmfsVk5ulwTp4GvzZBuCeXXK2bYxY":{"chainKey":{"counter":0,"key":"63OWcGHvgTCA4P8H454cpN6Vo6ZyYiXjx/Q6KKYsoGk="},"chainType":1,"messageKeys":{}}},"pendingPreKey":{"signedKeyId":1,"baseKey":"BaFHCL4GnDPfuC0/NR+LGEwJaLFRwrstpc5qaP6CTQZS","preKeyId":24}}},"version":"v1"}