{"_sessions":{"BQmA7vQgz9qukzwUrPRSoH9YVsJzjKRhYfbur1//iuMh":{"registrationId":1080783427,"currentRatchet":{"ephemeralKeyPair":{"pubKey":"BSBFqnPhYd2Seb3agxObqwmQai3gA7jYej0Kn+1KGLxe","privKey":"kLHo9m715r2s+O3ZemnSj2+itqpERzG2Ros+0punnWg="},"lastRemoteEphemeralKey":"BVe9JMWhulv6Lda//jOZk7pnYxNCdSZTLo+zPrnLV6AO","previousCounter":0,"rootKey":"ENvZhjPrIIpE06U0ApmsBfJthv6X8CPF2KihhnVWzCM="},"indexInfo":{"baseKey":"BQmA7vQgz9qukzwUrPRSoH9YVsJzjKRhYfbur1//iuMh","baseKeyType":2,"closed":-1,"used":1770918512114,"created":1770918512114,"remoteIdentityKey":"Baz/SW8o7YZMrvTEYu7kjHjA41BlVHxkDZf9ZHD9mepj"},"_chains":{"BVe9JMWhulv6Lda//jOZk7pnYxNCdSZTLo+zPrnLV6AO":{"chainKey":{"counter":0,"key":"kLx9UgcW8XdNUjiDpobqPFL+REKtWt7udwuT6kmf998="},"chainType":2,"messageKeys":{}},"BSBFqnPhYd2Seb3agxObqwmQai3gA7jYej0Kn+1KGLxe":{"chainKey":{"counter":-1,"key":"vlwV+6fOeO/FufYiIkNCTWZv4+53pepsvXE489HC+NE="},"chainType":1,"messageKeys":{}}}}},"version":"v1"}