{"_sessions":{"BfzOaab7XVQemZMIax/1hA/af83XXeFOPXT0ct59lH9u":{"registrationId":4263,"currentRatchet":{"ephemeralKeyPair":{"pubKey":"Bf0IDEyYyev2reLx0iGUFhU87pKIui5Wok+gAIvnnWJN","privKey":"MFL3HjGTIIYMwzaG4zmognYyNkyeTGYLCmLR4O1vRE8="},"lastRemoteEphemeralKey":"BUTJyrwfIszkvK548yvdQBpwOPL7CL9fq0aC1ps5e2UQ","previousCounter":0,"rootKey":"6NLik7A4UYEYeTIhqiVhnu006+mkVmB/V3Dwc+jBCzE="},"indexInfo":{"baseKey":"BfzOaab7XVQemZMIax/1hA/af83XXeFOPXT0ct59lH9u","baseKeyType":2,"closed":-1,"used":1770991692253,"created":1770991692253,"remoteIdentityKey":"BQZOY5beog8qz8zEXy9utfJr99pFENAZDD53PGqQWbc0"},"_chains":{"BUTJyrwfIszkvK548yvdQBpwOPL7CL9fq0aC1ps5e2UQ":{"chainKey":{"counter":0,"key":"py9mq2gcjBf5jxCWEtKVhbroCKe070MQXByUGSbY9u4="},"chainType":2,"messageKeys":{}},"Bf0IDEyYyev2reLx0iGUFhU87pKIui5Wok+gAIvnnWJN":{"chainKey":{"counter":-1,"key":"H1l3sfMwKgcgYHIpxbn83EaEeqSCLibcN4umb5CKLkw="},"chainType":1,"messageKeys":{}}}}},"version":"v1"}