{"_sessions":{"BVScoBayhQD/O/gy1JyFyGDXG4hpoAVV4PzP11h7jC1r":{"registrationId":1640502288,"currentRatchet":{"ephemeralKeyPair":{"pubKey":"BcqFixnzMDY4BTfWO8N6Q/MhRxniLUBC6XLNU/f8x/5R","privKey":"QL4NqzdTEGxC2/RSp9VEfYGm5BaY+O7ohh6l6+MtP1Q="},"lastRemoteEphemeralKey":"BbYKU+l6SNmUrkaQwxNfKGFwdlKyVDN/OPtCogUgFUxq","previousCounter":0,"rootKey":"9Ldn9mBfJMNFd9yAxi409qS8JjhmY31i+u2bixa4Mcs="},"indexInfo":{"baseKey":"BVScoBayhQD/O/gy1JyFyGDXG4hpoAVV4PzP11h7jC1r","baseKeyType":2,"closed":-1,"used":1771248062806,"created":1771248062806,"remoteIdentityKey":"BQQyYdrT9Xhrc/sF+Up/wWXDX0xGOxliSSoo2flW5LEx"},"_chains":{"BbYKU+l6SNmUrkaQwxNfKGFwdlKyVDN/OPtCogUgFUxq":{"chainKey":{"counter":0,"key":"qOgzMhJPkm/Ss2Lvk4DqWeTIcltpOrvuk9QiXTOQCas="},"chainType":2,"messageKeys":{}},"BcqFixnzMDY4BTfWO8N6Q/MhRxniLUBC6XLNU/f8x/5R":{"chainKey":{"counter":-1,"key":"8i4PQtGvZK7xROY6wM1Uqtld60eJ9t45lOy4+659Vd4="},"chainType":1,"messageKeys":{}}}}},"version":"v1"}