{"_sessions":{"Be7UhZw2nrs9WcLVqTo/kDDG+4eFqYPmALIfR8cBDz5h":{"registrationId":1852677785,"currentRatchet":{"ephemeralKeyPair":{"pubKey":"Bb+EuLh4Mevct0P9W9WRlGhBpz1//veFkMw23ibO42RC","privKey":"WCJLIOeZPfxl2evL27BBr1uSQP1aQc9bdW6tBthTImU="},"lastRemoteEphemeralKey":"BYprR5U9P8/IWfyHCXYQqec4J9XCFJxW+jKaRujOMNZ+","previousCounter":0,"rootKey":"B1bjm+IxJ+rHJmm2pFMrQ1Kldg7+vHAz2HlHWHea0W4="},"indexInfo":{"baseKey":"Be7UhZw2nrs9WcLVqTo/kDDG+4eFqYPmALIfR8cBDz5h","baseKeyType":2,"closed":-1,"used":1770923422351,"created":1770923422351,"remoteIdentityKey":"BUQE/umcRAI1QM9lAcato53Kclv4JqTKdqNJMquTiddM"},"_chains":{"BYprR5U9P8/IWfyHCXYQqec4J9XCFJxW+jKaRujOMNZ+":{"chainKey":{"counter":0,"key":"Wx28fZqtgOfl3IyZ1AF4uRi1flocK6gTq8MWA2105Ls="},"chainType":2,"messageKeys":{}},"Bb+EuLh4Mevct0P9W9WRlGhBpz1//veFkMw23ibO42RC":{"chainKey":{"counter":-1,"key":"v3urYLqGOBqifnL2uTED2pghi2+MEUTYH0qhchFp+XA="},"chainType":1,"messageKeys":{}}}}},"version":"v1"}