{"_sessions":{"Be1m5B8Gqgi56RcjqKywPiw0loQSt5mrJ1QeE0LQMkJ6":{"registrationId":2075797242,"currentRatchet":{"ephemeralKeyPair":{"pubKey":"BWlJcgOpM+O6Jna6QM8qmLmRkqM3PFUKWsMgKvLeQPdU","privKey":"OFWg+GMueJ3NThHSn3JcvkDxzkCOMbAB3xL4OFrzP2E="},"lastRemoteEphemeralKey":"BU9HclQP6StYkzze3AO+HLzluSM2Qcmx7hi2e6yJJ1Bq","previousCounter":0,"rootKey":"2KyikidwUID10nUkU03e8u+EcRrFutsdaHHvDAvDXkY="},"indexInfo":{"baseKey":"Be1m5B8Gqgi56RcjqKywPiw0loQSt5mrJ1QeE0LQMkJ6","baseKeyType":2,"closed":-1,"used":1770991692154,"created":1770991692154,"remoteIdentityKey":"Baw93qvE5l3t70V5RBgo1RFdjmfJYs7T9JpSLpTOnq0v"},"_chains":{"BU9HclQP6StYkzze3AO+HLzluSM2Qcmx7hi2e6yJJ1Bq":{"chainKey":{"counter":0,"key":"sCzUAv+IevSmstPd/2EAwLeEA4ewJpVlsIXWw+xg5IU="},"chainType":2,"messageKeys":{}},"BWlJcgOpM+O6Jna6QM8qmLmRkqM3PFUKWsMgKvLeQPdU":{"chainKey":{"counter":-1,"key":"5iE8Ix9+TdU3f2SpN3Y2Ncv0Zn8bxvWS9m84noWBLLM="},"chainType":1,"messageKeys":{}}}}},"version":"v1"}