{"_sessions":{"Bby9C43wFBn4LbG3gDHymcE8TzMGLdcDUmqCJ5IuXAhw":{"registrationId":726865907,"currentRatchet":{"ephemeralKeyPair":{"pubKey":"BU7RpGJlPVHVdHmNzTCZ28PJzJWrUUcq+FQtnBOi0Rgt","privKey":"KM12qRtZbSQKOLoLOD4m9lq66QkSLsUBm0W1EH0qkHI="},"lastRemoteEphemeralKey":"BU/2OsHIu+AgL6BBpDIrEW/y6IVDuwBnxxh+05gVg/1X","previousCounter":12,"rootKey":"oqZJRY6t88e2KZ4sALaxf4zlJopBGm7Nrf9UBm1wxcI="},"indexInfo":{"baseKey":"Bby9C43wFBn4LbG3gDHymcE8TzMGLdcDUmqCJ5IuXAhw","baseKeyType":1,"closed":1770918529609,"used":1770918511939,"created":1770902882616,"remoteIdentityKey":"BRjBQYnl5nSM3vDXVhPXM+udQc+sHOhFk4LAVAtNIcYZ"},"_chains":{"BU/2OsHIu+AgL6BBpDIrEW/y6IVDuwBnxxh+05gVg/1X":{"chainKey":{"counter":1,"key":"BeXiA22mR9Bpy0lblM3u8O8N7oqgBhp/SlWa0lxIBtg="},"chainType":2,"messageKeys":{"0":"zGRI4wLgnXvbhDQHdlaZ0rJqdR+SU8g9PgD3TKOPjE4="}},"BU7RpGJlPVHVdHmNzTCZ28PJzJWrUUcq+FQtnBOi0Rgt":{"chainKey":{"counter":0,"key":"2SmkE6DU3aGAYEz/PZT6PwCyUAUSuZ0nAAfti55g4a4="},"chainType":1,"messageKeys":{}}}},"BRh6M1ehKbL9FDLAEVhpxLAUdTrHud1uAms0BHTSpPAl":{"registrationId":726865907,"currentRatchet":{"ephemeralKeyPair":{"pubKey":"BT8goBqhFmOdk3I6W5rhUlR2jNzXOUPm14xa0IAYcVFY","privKey":"qDFspAMZW2xuM/9gm8HMMlN9aVSJMmOaNWgsMGFlj1k="},"lastRemoteEphemeralKey":"BT0TZD93mOKHiBoiMRqxtWOE+BPNUzhV5xOmxgQAGyJy","previousCounter":6,"rootKey":"Y4UITD0gBGUGD9HFRYGo3TUJ64F5Ks/4FYY7+04iEDg="},"indexInfo":{"baseKey":"BRh6M1ehKbL9FDLAEVhpxLAUdTrHud1uAms0BHTSpPAl","baseKeyType":2,"closed":-1,"used":1771248421967,"created":1770918529612,"remoteIdentityKey":"BRjBQYnl5nSM3vDXVhPXM+udQc+sHOhFk4LAVAtNIcYZ"},"_chains":{"BcLSzjTKNWvllKyz0fwbrpkouqzyRY/3zGVLcsA+LtpG":{"chainKey":{"counter":0},"chainType":2,"messageKeys":{}},"BZvkwMyc8sdfIrZW2LKBt9iiYg45h6T/GvXOTEdeLksu":{"chainKey":{"counter":1},"chainType":2,"messageKeys":{}},"BYH0cztAtBIxmEZrNMwd/C1wm8axw9pSmn3Elko4L0su":{"chainKey":{"counter":1},"chainType":2,"messageKeys":{}},"BS8g7HHEa4xtax5g3sLNC+rn/+c2gcFISHQwCHdER4Ij":{"chainKey":{"counter":2},"chainType":2,"messageKeys":{}},"BYD3Y93reZqYBnbHrkzXyZ+SrqpBRpT8kYE+r11ymF0w":{"chainKey":{"counter":16},"chainType":2,"messageKeys":{"7":"uyD/O8WDfSZ4ZTPgh3QY0Kt4gFUOLufNCGcQF1pYBHI=","8":"JqvYNx5o1m9qYzSN3zC/ePWSQMbGDirJLfURbBCKSfc="}},"BT0TZD93mOKHiBoiMRqxtWOE+BPNUzhV5xOmxgQAGyJy":{"chainKey":{"counter":0,"key":"iisDm0GrWIaprGVWRgNL7rG1OApIa56Tj1R1YMqs3nY="},"chainType":2,"messageKeys":{}},"BT8goBqhFmOdk3I6W5rhUlR2jNzXOUPm14xa0IAYcVFY":{"chainKey":{"counter":-1,"key":"OdPOOqI8x+deFkDIEM51qbIxD/13ycyW5c55E7+ttd0="},"chainType":1,"messageKeys":{}}}}},"version":"v1"}