{"_sessions":{"Bf1WUNqrgt2mTpBmQPfdFsTJGDaC6QGBVsmndgPbiyRV":{"registrationId":1821832261,"currentRatchet":{"ephemeralKeyPair":{"pubKey":"BW0JYVlmm8V+qOxmDpCpadqn/xWOnCmWcUiXT9xGG+4e","privKey":"cK/DAGva2HIiE2BO4JSDY7YZj+rI5AOYpDLqGe0RBGw="},"lastRemoteEphemeralKey":"BfkqPpGrnA2OYOnhn6w1uakaXQAgZDPws1TPa3f3yyYJ","previousCounter":0,"rootKey":"HYJZPOhDk+P4n9nPWIWPsUrnEXwE+q7dqC1/vookCxo="},"indexInfo":{"baseKey":"Bf1WUNqrgt2mTpBmQPfdFsTJGDaC6QGBVsmndgPbiyRV","baseKeyType":2,"closed":-1,"used":1771248061607,"created":1770918511806,"remoteIdentityKey":"BZA8u9yYl66dicsFBM2KbXs7OAtWnCaJgOqs68YJIdNS"},"_chains":{"BRnjYf+lfWw72k+cNuMfOhU+crNF8d3DLZmfXOfCtpAA":{"chainKey":{"counter":4},"chainType":2,"messageKeys":{}},"BfkqPpGrnA2OYOnhn6w1uakaXQAgZDPws1TPa3f3yyYJ":{"chainKey":{"counter":3,"key":"MKsOkqWt8fW61qz5Zf3aEHwDUjBwGTw6uEKdT26F7XA="},"chainType":2,"messageKeys":{}},"BW0JYVlmm8V+qOxmDpCpadqn/xWOnCmWcUiXT9xGG+4e":{"chainKey":{"counter":-1,"key":"3ro+Yp0fVZE985mairQMshi5v7uoxjfd81bNg6SS3GI="},"chainType":1,"messageKeys":{}}}}},"version":"v1"}