{"_sessions":{"BdFVDr8zfnQd8OTOl+qgQttsQN9VBdBH0+jkb56LAwwF":{"registrationId":218135456,"currentRatchet":{"ephemeralKeyPair":{"pubKey":"BXLXjRE4PrY/KBIZc+BeU8i6OvMjJ9RvpAOwH3ZWTyFU","privKey":"2DPcqbave+5Qz9PS6IQeRWpf1QtYZLNG5F3RbONR+Gw="},"lastRemoteEphemeralKey":"BeGwmjkfeU/DqGCEFaQR47CBkfOm75+/AsotobKqaV9e","previousCounter":0,"rootKey":"qLg/cF9jkjGUalo//rpql/Xk7y/xwe49WTyyt5A0v/U="},"indexInfo":{"baseKey":"BdFVDr8zfnQd8OTOl+qgQttsQN9VBdBH0+jkb56LAwwF","baseKeyType":2,"closed":-1,"used":1771248062640,"created":1771248062640,"remoteIdentityKey":"Bcj3ASnEZ2YZIqeq7snAS8K+eB+genEA3pQQoMbL2w4l"},"_chains":{"BeGwmjkfeU/DqGCEFaQR47CBkfOm75+/AsotobKqaV9e":{"chainKey":{"counter":0,"key":"wxpvHmDeke0461/0Q2DXQsjy2mnNB6Q5ggwPZ/sXlWI="},"chainType":2,"messageKeys":{}},"BXLXjRE4PrY/KBIZc+BeU8i6OvMjJ9RvpAOwH3ZWTyFU":{"chainKey":{"counter":-1,"key":"i+0sMDFh1QF59s3vsgSVQhCrRU7qifCX+NZWkPVzwbA="},"chainType":1,"messageKeys":{}}}}},"version":"v1"}