{"_sessions":{"BQil1HK5dDCT2hWHu38zk67o4OONl3SeyIX7lmvmNEcv":{"registrationId":1948573580,"currentRatchet":{"ephemeralKeyPair":{"pubKey":"BUdCygw/hjYWry9Gl4YtUaGzzSTQFhbvNdSLOnwGdc0C","privKey":"mHI9txdveqSldS18oDBriknc3JCLNikEnnV6Lt5T9Fs="},"lastRemoteEphemeralKey":"BZR53pUywXd4WIkHhEUUpVlPZS0Q6zX7tIRG7dI84npP","previousCounter":0,"rootKey":"ykivcLpRTl5pm0Y3jsFMgNOZgNwyxrKhGOT+IFYnexs="},"indexInfo":{"baseKey":"BQil1HK5dDCT2hWHu38zk67o4OONl3SeyIX7lmvmNEcv","baseKeyType":2,"closed":-1,"used":1771248212134,"created":1770902268099,"remoteIdentityKey":"BUATxP0RQAWbNKMBqG+/3kI+jlPnMKHDXFQlvjTAv0dP"},"_chains":{"BWmz0jNdSlKSn4+LbvjIG7TbGizEVljA/a1fMFQnsLA6":{"chainKey":{"counter":7},"chainType":2,"messageKeys":{}},"BbTeuZc7mSMzb8TV09UcQYsjF81ga6GNIDGqLfUGELsj":{"chainKey":{"counter":0},"chainType":2,"messageKeys":{}},"BR4hQzmmbFWpw83oVtpRfBpuVQMpq/brkUx/gyxnHFgj":{"chainKey":{"counter":0},"chainType":2,"messageKeys":{}},"BVjE1CXKlZY+TDSk16zBQB5NCGJ1jo99J3v5A9yUAixp":{"chainKey":{"counter":0},"chainType":2,"messageKeys":{}},"BS2KGcohAlSObI0sm1fst8VR4XBL6O9rnjtJqO7J4RRf":{"chainKey":{"counter":0},"chainType":2,"messageKeys":{}},"BQALw7tWtAjjVKQw3u6cGdsiOxM1JvRYvsN8dR6wVCtd":{"chainKey":{"counter":0},"chainType":2,"messageKeys":{}},"BajWmz5k7awf1126Ht34nbf1j0tTkY+QGWHyUnfO1iBc":{"chainKey":{"counter":0},"chainType":2,"messageKeys":{}},"BRBL+evj8Ch8jja4J8UbO0nztsQejcm8NXI7lKWdVnQz":{"chainKey":{"counter":1},"chainType":2,"messageKeys":{}},"BbpciRJ/DarXCm+te2L0UEV8nWix30k/JWavvXKkAyps":{"chainKey":{"counter":0},"chainType":2,"messageKeys":{}},"BU3zfvubGBgQLXDPFH1PoPTUfXK+Gw911SG0SZukkR90":{"chainKey":{"counter":0},"chainType":2,"messageKeys":{}},"BTx/NrC9brS8zaZ+0uX0ZZBay9yhKLLcHy1S7H8fxShi":{"chainKey":{"counter":1},"chainType":2,"messageKeys":{}},"BccZXEYYmJLaERakr0oZbLC44W+bsdkIYxHshPfmOfpG":{"chainKey":{"counter":0},"chainType":2,"messageKeys":{}},"BYVNdyVr5b9ddnNzJ2H33V3aVR49NZrYPQruiPPxtE0R":{"chainKey":{"counter":0},"chainType":2,"messageKeys":{}},"BdfV1mYVVKoEXOuEmDmSdrF2MkUq/NKNL98kqnVS8hVY":{"chainKey":{"counter":0},"chainType":2,"messageKeys":{}},"Beow/VdOSrhvGOvvjYYa7x6omSv9NSGkgjEtNEQuOwME":{"chainKey":{"counter":0},"chainType":2,"messageKeys":{}},"BY+u6nLAADG6l1TDMtlt1gKo8ugo5V/CO5cDordQy1MC":{"chainKey":{"counter":0},"chainType":2,"messageKeys":{}},"BbJxDu++SBM6yQjhmdIu8s/qzahCMlWFE2m/6BKOEJ1b":{"chainKey":{"counter":0},"chainType":2,"messageKeys":{}},"BVdj/8p66Y68l3wnuwfTYNGraFilWnh5zDlKjQp/7PQZ":{"chainKey":{"counter":0},"chainType":2,"messageKeys":{}},"BWuH7vltD25yvqOmZc9nb85z6FTfyWkCO2RUdU5Zz6ZO":{"chainKey":{"counter":0},"chainType":2,"messageKeys":{}},"BUuODR9tdtF2K+WnRSIwmUb0FsKbdx66YQoGlrXrJUZ6":{"chainKey":{"counter":0},"chainType":2,"messageKeys":{}},"BY9t3QUGeVDocyvGQN9hvtfJqL9J9YfZmGvVHg/L9Ect":{"chainKey":{"counter":0},"chainType":2,"messageKeys":{}},"BQLMKZAfla20bElORuWn9+ETKcQ7LmTbZEkuHIBA2Qkc":{"chainKey":{"counter":1},"chainType":2,"messageKeys":{}},"BZSMGf19k1itohYDfZbehxf6cdC0ElE0fL/1RtHmN2xg":{"chainKey":{"counter":0},"chainType":2,"messageKeys":{}},"BTHo1XLdBHIdBSN+dVCP69XmWwA2BIxkc082Zlg8M4YA":{"chainKey":{"counter":0},"chainType":2,"messageKeys":{}},"Bd4th2mQt68hYjb8Vrbg4F6E6wbCkfNuoSHWdsXs6lFS":{"chainKey":{"counter":0},"chainType":2,"messageKeys":{}},"BaerjDC1Edl3Z9sGgfsfbn9K0tsK2Xnz8wEVWYNiNVVt":{"chainKey":{"counter":0},"chainType":2,"messageKeys":{}},"BektFtHN/S7WHqlvRWaVS/4fwNNdUwcHcviJEabB0HhD":{"chainKey":{"counter":0},"chainType":2,"messageKeys":{}},"BZOdQE7kUuhsDoNdY6wx1TcqeioBaw8wfT2hyNC+lc8G":{"chainKey":{"counter":0},"chainType":2,"messageKeys":{}},"BRl2fi1kbyte/Z+NvorbGMCAIvQWZigUALw3rQNLIc0H":{"chainKey":{"counter":0},"chainType":2,"messageKeys":{}},"BdfPUvaZyuNPW1Esa3DqoAnZjtXiEeKZm+sGqtQsPnpp":{"chainKey":{"counter":1},"chainType":2,"messageKeys":{}},"BbNGtDTbkxjKGvl9kxYfNmfb7YWsq8uW9G3EoPl4nu0N":{"chainKey":{"counter":0},"chainType":2,"messageKeys":{}},"BWhbR9nRiHh5pWQsR8EM4rfciErwb2nFhGFYs/owfTdp":{"chainKey":{"counter":0},"chainType":2,"messageKeys":{}},"BXiXiDL0DcjXcsGeKHZcIqNkhkoEnJy/gOscjAbHEn9X":{"chainKey":{"counter":0},"chainType":2,"messageKeys":{}},"BcnLwISZDgGnSIk6vaBOMN2TP14XzPsonfpa4j6v8cwQ":{"chainKey":{"counter":0},"chainType":2,"messageKeys":{}},"BRY4lYjinCKzBXo+PdlUAqMWsBoGxw2FEvnvS8FMHKg/":{"chainKey":{"counter":2},"chainType":2,"messageKeys":{}},"BbhpwTnxWCL6hEtL9TYVOnZ0ipBcPLv1Hj2AhKRyAuAf":{"chainKey":{"counter":0},"chainType":2,"messageKeys":{}},"BSD0x8ZSRPksjF/34MpW5fmWwPGqGcMzH4HJbviBH2A5":{"chainKey":{"counter":0},"chainType":2,"messageKeys":{}},"BawLvRxR41pn3pO+5k1CKNTt5mJWVpTSPT5nAWTB1P8O":{"chainKey":{"counter":0},"chainType":2,"messageKeys":{}},"BXROuu2xQHAifhn89ZUIYXMLarvMIsDiENb1mHsSZQNa":{"chainKey":{"counter":0},"chainType":2,"messageKeys":{}},"BeBfJIIRrRu/wIOVE4zkTA9e8T6hlW3wGNA+JVJptfAJ":{"chainKey":{"counter":0},"chainType":2,"messageKeys":{}},"BbUHjidtANkvvepPRT7Q1H5pXczxuwGrBzzRoBAVDqNZ":{"chainKey":{"counter":0},"chainType":2,"messageKeys":{}},"Bbz9g8VngkwUfo/pJJ5kGeMAxkCMaSvAVMq0zEWQBH59":{"chainKey":{"counter":0},"chainType":2,"messageKeys":{}},"BagJA7lYshaJeFHEJKURyp2MAAaXxDMVYSGETU/BxY0e":{"chainKey":{"counter":0},"chainType":2,"messageKeys":{}},"BUtuqE0yZvheBGphoJU10MkNGyqO9ALMfRRdC7Sqgn5j":{"chainKey":{"counter":0},"chainType":2,"messageKeys":{}},"BbvWMi4wEfU76OYRWUtyP5u0OnuCetUmIInfsZqy1NdS":{"chainKey":{"counter":0},"chainType":2,"messageKeys":{}},"BZGzYGi89Yxnh5VRS4SykO6gF+lLXtEFtbghFtUlFjBl":{"chainKey":{"counter":0},"chainType":2,"messageKeys":{}},"BfeVh031qPhBnNHjFqCZKTRCLvzZYy3AB5VQNISE5ptT":{"chainKey":{"counter":0},"chainType":2,"messageKeys":{}},"BSGA+sZFkyOW3HElu+MopwExlDh0x8XaCi+0lsLQktMC":{"chainKey":{"counter":0},"chainType":2,"messageKeys":{}},"BQft6A2/9l+pbLt/wxFqOZS8oJaKrd/qoYDQtDszXiYH":{"chainKey":{"counter":0},"chainType":2,"messageKeys":{}},"BXb1+a1V9d0j6z90Cj77I10PLKTAWdF30PSb05pwhNAO":{"chainKey":{"counter":0},"chainType":2,"messageKeys":{}},"BSw/ECYiLkQq8vTLlyT9s9pWjRDSqrk9I0BP0a2lSXtD":{"chainKey":{"counter":0},"chainType":2,"messageKeys":{}},"BSywZbgMj3CvMC9mtvYAgvlnPkL2iAzWzvy91U1e/lwp":{"chainKey":{"counter":0},"chainType":2,"messageKeys":{}},"BZsDmIl+wQCiI8WGBzzHTiVyJ+GOsHZF3LOe/7prhAF0":{"chainKey":{"counter":0},"chainType":2,"messageKeys":{}},"Bbo0wRRflXALY3M+4jWw+i8m4PGKMhB7aLoGL9KgmCoT":{"chainKey":{"counter":0},"chainType":2,"messageKeys":{}},"BeYunLBo53Hr52t5YGrTUOTYImOSQZLEqC/SgwsJiR4H":{"chainKey":{"counter":0},"chainType":2,"messageKeys":{}},"Bbmld2bJF6ICKu0yDBYdOt06PYKmfOPC4pd87brttnVO":{"chainKey":{"counter":0},"chainType":2,"messageKeys":{}},"BSaOsjpSBfr7RgOTPqiIyqeum5lDRz8Mq3dzf5mClMoU":{"chainKey":{"counter":0},"chainType":2,"messageKeys":{}},"BRCwFZ5HAbDw6+bboL3orvmti21GVCYUzo50napG6T8d":{"chainKey":{"counter":0},"chainType":2,"messageKeys":{}},"BRET9Xe10bXdMoUS0deIXyHnQMTptvwQv7ecqXf7WbYu":{"chainKey":{"counter":0},"chainType":2,"messageKeys":{}},"BZoX7uyo4m98S0QHf1CJB7WDp7y2UPz7o7xrX1CSvfcM":{"chainKey":{"counter":0},"chainType":2,"messageKeys":{}},"BXo2IPwFiE+cgaHQ2AzPx086JG5WA6EKuyZDfwRJo6ET":{"chainKey":{"counter":0},"chainType":2,"messageKeys":{}},"Bb83R01qRlnRHUVRu9XoXBto9WQRzDlPktFn6u0sMwNW":{"chainKey":{"counter":0},"chainType":2,"messageKeys":{}},"BYPJnqkxncB4Mx9hT3CinqIIm0S1GdN6glbqBrKPk5sT":{"chainKey":{"counter":0},"chainType":2,"messageKeys":{}},"BXZTMoGo/7o+vE9GhsLKkrxINdIzAKzOSACBO8P3l4Uf":{"chainKey":{"counter":0},"chainType":2,"messageKeys":{}},"BdSJIfnMRaWH7ALG4Gmf4qNqUEobdUYbhhKIlyBps7AJ":{"chainKey":{"counter":0},"chainType":2,"messageKeys":{}},"BfWxeCg7rI1JF0epEYRrpHFutxm19toRcPgW5ObWcGZB":{"chainKey":{"counter":0},"chainType":2,"messageKeys":{}},"BaeUyBJTeB17MRoocpYNIr7dPTI56uwMB6aKo4NeW5Qj":{"chainKey":{"counter":0},"chainType":2,"messageKeys":{}},"BaPNL94KtWVna3CpQA8MC0XUjGZUgdpLFNyqcYV6ahMY":{"chainKey":{"counter":0},"chainType":2,"messageKeys":{}},"Ba+7V7lS8sSQc7oP2KFPuix7zlgVioigsgYetJH3Pgh6":{"chainKey":{"counter":0},"chainType":2,"messageKeys":{}},"BaXrFg+5jaaL5abKX95Ge4ZAotr9+S1/oIKD2KEmllQx":{"chainKey":{"counter":0},"chainType":2,"messageKeys":{}},"BXE+bvk3M7dCbiYUyF4fc4OIYqV/mQae88Cq0EvNbUMW":{"chainKey":{"counter":0},"chainType":2,"messageKeys":{}},"BcfVMKsPYcIuGdQyhP9+3vN05eBELchxh31+Oef0OJlg":{"chainKey":{"counter":0},"chainType":2,"messageKeys":{}},"BVoquMGQrBoMyWcRMv9PLcm7CY+q2BDvgQxewgZyt2p6":{"chainKey":{"counter":1},"chainType":2,"messageKeys":{}},"BXsL3wOkhdfxkoKJnIaTrZtlNiMtL8IEZKJR8b26bKhi":{"chainKey":{"counter":1},"chainType":2,"messageKeys":{"0":"Ws9KJ2kW5xgW5yj6chHPhWpMIMQKDiPlBqGXW3pSm6Q="}},"BVoyJj1u8H4huM36Y9pMkYmCSDa03wWTXa4YQ57SvjUj":{"chainKey":{"counter":0},"chainType":2,"messageKeys":{}},"BW97540YhIM5KGy2BhDIABJBTA5s7X7GwonLZucwTagP":{"chainKey":{"counter":0},"chainType":2,"messageKeys":{}},"BZpD7GQKvMPZkKE++/hMNaENUhIR0mEaNpIWys/7OggE":{"chainKey":{"counter":0},"chainType":2,"messageKeys":{}},"Ba1pLYbJPxvpfFW7kUUgKffrsw73T2cs/V7MY+Cz6SVJ":{"chainKey":{"counter":0},"chainType":2,"messageKeys":{}},"BQeDfr0khAh2vJ+mfYoURQvxGmob5ouvdJPhIziEaN5c":{"chainKey":{"counter":0},"chainType":2,"messageKeys":{}},"BWEbycSaEwnhhcfLBnv50Nxe0Cve1TnjSERBUeQg4nQa":{"chainKey":{"counter":0},"chainType":2,"messageKeys":{}},"BabzAv1r1bk0PYUNbBb3ZUXM8R2jDv49fT2u44oAgqcM":{"chainKey":{"counter":0},"chainType":2,"messageKeys":{}},"BWXaVXFDFwI27TMWtpAg86ie/+1BE1hAMWcTkuIV7pVz":{"chainKey":{"counter":0},"chainType":2,"messageKeys":{}},"BfU56Wt1MhQ7Y1fMEZa69oDOaZ10OpZXhJCvRqPzojBf":{"chainKey":{"counter":0},"chainType":2,"messageKeys":{}},"BRYIsNsw9B7EKE0DsoN7CpVg6V0YBcQrnlcsuhYAYGA1":{"chainKey":{"counter":0},"chainType":2,"messageKeys":{}},"BW7/OzQWkoFc+0r6rDINOvmuVQk8fNLgE69xG1JlnKJ5":{"chainKey":{"counter":0},"chainType":2,"messageKeys":{}},"BQqMc2mWq/HvzdyuTbCx3dpDRLlIG4EjvaoNG8/wMVhP":{"chainKey":{"counter":0},"chainType":2,"messageKeys":{}},"BVJ+j5eI5bUY5WLpgVl2ND6vpOsFdPw1zOxTWBys8VZZ":{"chainKey":{"counter":0},"chainType":2,"messageKeys":{}},"BWRKwh9tcy1LcZOd1jpFibhxfHMP9lUdYoHQT4qGkt1V":{"chainKey":{"counter":0},"chainType":2,"messageKeys":{}},"BUmSQPyTSMFRu2LJDM8J+nidL7MuHl2xGuXy3NqV00cV":{"chainKey":{"counter":0},"chainType":2,"messageKeys":{}},"Ba1Qt5kVcdSY28n8hOE4J9daBRjicUlglDCZTaqxl04r":{"chainKey":{"counter":0},"chainType":2,"messageKeys":{}},"BX3f8E45T/q+bgt3guph29PTXX91DJEcW15KWromGYQc":{"chainKey":{"counter":0},"chainType":2,"messageKeys":{}},"BVxY6GQBkmd0dkxCQhZ59UdOoIFmN3ec1hWW0FauFjcU":{"chainKey":{"counter":0},"chainType":2,"messageKeys":{}},"BTFg/UNYbLMyZBr1qSS2FURnDETtlxoX8YTXohyc20NE":{"chainKey":{"counter":0},"chainType":2,"messageKeys":{}},"BeSviP+Yp8h4Cs+Sj3h/qSf0GkYIzy2pC4uWQ+ra9lRw":{"chainKey":{"counter":0},"chainType":2,"messageKeys":{}},"BZR53pUywXd4WIkHhEUUpVlPZS0Q6zX7tIRG7dI84npP":{"chainKey":{"counter":0,"key":"mDZkDj1T+HLZCtIBBtlZOdd4hshRlOUYx+CeLOlP9Aw="},"chainType":2,"messageKeys":{}},"BUdCygw/hjYWry9Gl4YtUaGzzSTQFhbvNdSLOnwGdc0C":{"chainKey":{"counter":0,"key":"lNLNiMgGzC1ju/wUPUtfeXrpvYnHS/tTadS+5XqOmV0="},"chainType":1,"messageKeys":{}}}}},"version":"v1"}