{"_sessions":{"BdOM1Jm9yrol6iJYlb3B5yls61+FH0AJeEQjNQsR8Wxc":{"registrationId":16251,"currentRatchet":{"ephemeralKeyPair":{"pubKey":"BQD03O1mq6mAGrzsDyNZvMHfQUdusFb59ypo9UBIpGIL","privKey":"UMDoaCgYYvbmyktEvbD1zHfCsyKGjKrIqIXIR1y9bUg="},"lastRemoteEphemeralKey":"BdGcZKlIYzJx6n4eZQjgvq+dEZeBh6krxXf0/lxA5WEO","previousCounter":0,"rootKey":"qRDMEDfiY4WWvux7RQ+pLRiIAI7umKmCeDRitimW7+M="},"indexInfo":{"baseKey":"BdOM1Jm9yrol6iJYlb3B5yls61+FH0AJeEQjNQsR8Wxc","baseKeyType":1,"closed":1770919575165,"used":1770902882612,"created":1770902882612,"remoteIdentityKey":"Bet3TVTVJvPhUapM5qQKuauw1CaCTi17kYDb/nIyYcNN"},"_chains":{"BQD03O1mq6mAGrzsDyNZvMHfQUdusFb59ypo9UBIpGIL":{"chainKey":{"counter":21,"key":"HRjlicESq1pgute5uKNWoiZx5IvYibu4dHR/k63iOKs="},"chainType":1,"messageKeys":{}}},"pendingPreKey":{"signedKeyId":1,"baseKey":"BdOM1Jm9yrol6iJYlb3B5yls61+FH0AJeEQjNQsR8Wxc","preKeyId":50}},"Ba2aDyK6vaurXlxz1PW4cfcrT4rsx3mbMlpaUR/kCpwv":{"registrationId":16251,"currentRatchet":{"ephemeralKeyPair":{"pubKey":"BTN4h4cvrjtYMhvkNYnY/5JEfphCNCjbzwWhV71vw0Yy","privKey":"8PXZUBkq8vA8WJkl/sqHcyon7CvnCA/63gt23FFW1lE="},"lastRemoteEphemeralKey":"BRVqSMB8pp52743QUlbSX6UTKyhSKVjECflOLUgYJlUD","previousCounter":12,"rootKey":"kX+SochdsTe+Y9HvbczeWTITYtJZcC3A344wkR1nIeI="},"indexInfo":{"baseKey":"Ba2aDyK6vaurXlxz1PW4cfcrT4rsx3mbMlpaUR/kCpwv","baseKeyType":1,"closed":-1,"used":1770923422502,"created":1770919575143,"remoteIdentityKey":"Bet3TVTVJvPhUapM5qQKuauw1CaCTi17kYDb/nIyYcNN"},"_chains":{"BRVqSMB8pp52743QUlbSX6UTKyhSKVjECflOLUgYJlUD":{"chainKey":{"counter":1,"key":"dFu9KYiYhVORsucyug664ZorPLud96TUjueXJiUZnlk="},"chainType":2,"messageKeys":{}},"BTN4h4cvrjtYMhvkNYnY/5JEfphCNCjbzwWhV71vw0Yy":{"chainKey":{"counter":68,"key":"dkv7tC90noFId+zETaG+1hz1l+aqygLxAn/0B6Qmb6I="},"chainType":1,"messageKeys":{}}}}},"version":"v1"}