{"_sessions":{"BS4xmq36ynWZ3GXMtULjc7zU57QrJHquXX2YIKY5EkgE":{"registrationId":1272207171,"currentRatchet":{"ephemeralKeyPair":{"pubKey":"BQHrYNYVrD/fYqsNZe6bTJEOISXpH89qKKRGo0iEEPES","privKey":"YKUmHRApGP/3UxwKnhuLIgW9Vq+9lgvVcmyTWdU2hXo="},"lastRemoteEphemeralKey":"BcyeqW9pgVhVMDQiv77OBSUD9FljN0ajYg96p9MlNl92","previousCounter":0,"rootKey":"CJjPc7ToSiT7sJsSew9oYgHjXyZXQXoq2Rw9eCO88PA="},"indexInfo":{"baseKey":"BS4xmq36ynWZ3GXMtULjc7zU57QrJHquXX2YIKY5EkgE","baseKeyType":2,"closed":-1,"used":1770918512311,"created":1770918512311,"remoteIdentityKey":"BTdl/19Uh90bKPsh5YI3SDdL/qHH+yDuezgiKjty4txn"},"_chains":{"BcyeqW9pgVhVMDQiv77OBSUD9FljN0ajYg96p9MlNl92":{"chainKey":{"counter":3,"key":"Crj1lqJZsYoQldYXjqIl7pVoay8E7t7QMobWqDHFFSU="},"chainType":2,"messageKeys":{}},"BQHrYNYVrD/fYqsNZe6bTJEOISXpH89qKKRGo0iEEPES":{"chainKey":{"counter":-1,"key":"X9+gRGT+XWj5yQt5458vX4U4k3GnJfifjpf9zklN9TI="},"chainType":1,"messageKeys":{}}}}},"version":"v1"}